영업상태명,지번주소,사업장명,업태구분명,좌표정보(X),좌표정보(Y)
영업/정상,,동화상가,그 밖의 대규모점포,200543.7549,451888.0403
폐업,서울특별시 양천구 신정동 1297,홈플러스 익스프레스 신정4점,구분없음,188554.9402,446701.7451
영업/정상,서울특별시 강동구 길동 384번지 1호,롯데쇼핑㈜롯데슈퍼길동점,구분없음,211983.1816,448483.8891
영업/정상,서울특별시 노원구 상계동 173번지,상계역전종합상가,쇼핑센터,206280.7899,462002.499
영업/정상,서울특별시 구로구 구로동 573,이랜드리테일 NC구로점,백화점,189570.3609,444336.0513
영업/정상,서울특별시 영등포구 영등포동 618번지 496호,롯데백화점 영등포점,백화점,191741.3458,445970.3076
영업/정상,서울특별시 강북구 미아동 1359번지,롯데쇼핑(주) 롯데마트 삼양점,복합쇼핑몰,201494.6273,458136.3423
영업/정상,서울특별시 용산구 한강로3가 1-1 나진상가,나진전자월드상가,전문점,196697.0311,447931.1083
영업/정상,서울특별시 용산구 한강로3가 1번지 1호 나진상가,나진산업 주식회사,전문점,196697.0311,447931.1083
영업/정상,서울특별시 종로구 무악동 82 무악현대아파트,GS THE FRESH 무악현대점,대형마트,196467.9751,452566.134
영업/정상,서울특별시 성동구 성수동2가 335번지,뚝도시장,시장,204775.366,448395.5878
영업/정상,서울특별시 동대문구 용두동 39-1,청량리역 한양수자인 그라시엘 판매시설,그 밖의 대규모점포,203728.1321,452778.8933
영업/정상,서울특별시 동대문구 제기동 1019 경동시장,경동시장,시장,203403.0195,452985.7254
영업/정상,서울특별시 동작구 노량진동 16-1 노량진 드림스퀘어 복합빌딩,노량진 드림스퀘어,그 밖의 대규모점포,194571.1524,445790.5499
영업/정상,서울특별시 용산구 이촌동 302-52 LG프라자,GS THE FRESH 용산이촌점,구분없음,197221.4393,446524.5084
영업/정상,서울특별시 서대문구 남가좌동 286-1 DMC금호리첸시아,이마트에브리데이 남가좌점,구분없음,192482.4165,452143.4915
영업/정상,서울특별시 광진구 구의동 236-53 광진 더프레236,GS THE FRESH 광진구의점,구분없음,207400.6081,448930.6832
영업/정상,서울특별시 강남구 신사동 638-6,GS THE FRESH 압구정점,구분없음,203069.4412,447391.1304
영업/정상,서울특별시 영등포구 당산동2가 45-5,포레나당산동역세권청년주택 상업시설,그 밖의 대규모점포,190673.4089,446684.6501
영업/정상,서울특별시 서대문구 남가좌동 50-3 명지대학교,이마트에브리데이 명지대점,구분없음,193139.5239,453106.0026
영업/정상,서울특별시 서초구 반포동 19번지 3호,신세계백화점 강남점,백화점,200250.4478,444683.2205
영업/정상,서울특별시 노원구 공릉동 238번지 53호,롯데쇼핑(주) 롯데슈퍼공릉점,구분없음,206952.4441,457814.5296
영업/정상,서울특별시 노원구 상계동 713호,롯데백화점 노원점,백화점,205320.2848,461419.8818
영업/정상,,누죤,그 밖의 대규모점포,201092.2812,451637.9327
영업/정상,서울특별시 성북구 길음동 508-16,GS THE FRESH 성북클라시아점,구분없음,202328.5425,456302.2964
폐업,서울특별시 광진구 구의1동 236번지 53호,홈플러스(주)익스프레스 구의점,구분없음,207400.6081,448930.6832
영업/정상,서울특별시 광진구 중곡1동 229번지 5호,(주)이마트에브리데이 중곡동점,구분없음,207114.4989,451296.0494
폐업,서울특별시 광진구 중곡2동 41번지 1호,롯데쇼핑(주)롯데슈퍼 중곡점,구분없음,207235.5812,451072.124
폐업,서울특별시 은평구 갈현동 467번지 1호,역촌중앙시장,그 밖의 대규모점포,192534.6569,456773.7149
영업/정상,서울특별시 노원구 중계2.3동 509번지 2001아울렛,이천일아울렛 중계점,복합쇼핑몰,205931.0533,459884.1972
영업/정상,서울특별시 강서구 등촌동 73-1 금부빌딩,(주)이마트에브리데이 가양역점,구분없음,186966.0362,451047.2873
영업/정상,서울특별시 관악구 봉천동 1717-3 관악푸르지오,지에스 더 프레시(GS THE FRESH) 관악청림점,구분없음,196384.5443,442822.9803
영업/정상,서울특별시 광진구 구의2동 49번지 4호,롯데쇼핑(주)롯데슈퍼 아차산점,구분없음,208075.5435,449971.642
폐업,서울특별시 광진구 구의3동 218번지 14호 나동,롯데쇼핑(주)롯데슈퍼 구의점,구분없음,208087.6472,448484.1313
영업/정상,서울특별시 서대문구 홍은동 400-12,롯데프레시 홍은점,구분없음,193440.5499,453256.426
영업/정상,서울특별시 양천구 신정동 86-1,홈플러스 익스프레스 오목교점,구분없음,188565.0747,446750.8816
영업/정상,서울특별시 송파구 거여동 202-180 송파시그니처롯데캐슬,GS THE FRESH 송파시그니처점,구분없음,213149.5228,443705.4731
영업/정상,서울특별시 동대문구 제기동 1019번지 신관 2층,노브랜드 경동시장점,구분없음,203403.0195,452985.7254
폐업,서울특별시 서초구 방배동 795번지 1호,(주)지에스리테일 서초방배점,대형마트,198970.448,443479.8949
영업/정상,서울특별시 동대문구 회기동 346번지 18호,베라체캠퍼스 에비뉴,그 밖의 대규모점포,204881.3132,454280.0406
영업/정상,서울특별시 양천구 신월5동 20번지 28호 외 1필지,롯데쇼핑(주)롯데슈퍼 신월점,구분없음,185164.5599,448756.0336
폐업,서울특별시 성동구 옥수동 191번지 3호,GS수퍼 성동옥수점,구분없음,201462.2513,448744.0381
영업/정상,서울특별시 도봉구 창1동 651번지 36호,롯데슈퍼 창동점,구분없음,203207.6253,460455.8376
영업/정상,서울특별시 도봉구 쌍문2동 19번지,롯데슈퍼 쌍문점,구분없음,203048.6693,461867.6479
영업/정상,서울특별시 도봉구 방학3동 271번지 2호,롯데슈퍼 방학점,구분없음,202326.1758,462116.4086
폐업,서울특별시 양천구 신정4동 988번지 5호,(주)지에스리테일 GS수퍼 목동오거리점,구분없음,187670.4164,447030.5604
영업/정상,서울특별시 성북구 정릉동 397-9 정릉시장 고객편의시설,정릉시장상인회,시장,200729.8596,456347.6448
폐업,서울특별시 성동구 마장동 439번지 1호,토우마트마축일시장,그 밖의 대규모점포,203576.5947,452041.559
영업/정상,서울특별시 성동구 성수동2가 333번지 16호,(주)이마트 성수점,대형마트,204614.2727,448607.4413
영업/정상,서울특별시 강남구 신사동 510-11 강남상가아파트,이마트에브리데이 강남시장점,구분없음,201757.4941,446282.4545
영업/정상,서울특별시 영등포구 신길동 4902-6,GS THE FRESH 신길사러가점,구분없음,192108.9259,444944.1538
영업/정상,서울특별시 서대문구 창천동 506-20 아륭빌딩,롯데슈퍼 창천점,구분없음,193624.0149,450696.745
폐업,서울특별시 서대문구 홍제동 158-33 연세24시사우나,롯데슈퍼 홍제점,구분없음,195196.6937,453764.7063
영업/정상,서울특별시 은평구 대조동 240호,엔씨백화점 불광점,쇼핑센터,193661.7324,456379.1939
영업/정상,서울특별시 서대문구 남가좌동 381 DMC센트레빌,롯데슈퍼 남가좌점,구분없음,192480.0294,452634.5577
영업/정상,서울특별시 영등포구 당산동5가 16번지 7호,이랜드리테일 당산점,그 밖의 대규모점포,191177.5845,447965.6455
영업/정상,서울특별시 중구 신당1동 777번지,(주)광희패션몰,그 밖의 대규모점포,200982.7091,451817.384
영업/정상,,삼익패션타운,그 밖의 대규모점포,198091.2021,450913.3407
영업/정상,,중부시장,그 밖의 대규모점포,200091.1676,451433.5796
영업/정상,,디자이너크럽,그 밖의 대규모점포,201075.6067,451683.0178
영업/정상,,선싸인,그 밖의 대규모점포,198737.5538,451081.8946
폐업,서울특별시 성북구 하월곡동 16번지 1 호,월곡시장,시장,,
폐업,서울특별시 성북구 정릉동 405번지 1  호,정릉시장,시장,200741.8145,456247.2537
영업/정상,,혜양엘리시움,그 밖의 대규모점포,201047.8997,451814.3504
영업/정상,,남정종합상가,그 밖의 대규모점포,197843.8207,450717.3536
폐업,서울특별시 성북구 장위동 238번지 496 호,장위시장,그 밖의 대규모점포,204411.7791,456753.4888
폐업,서울특별시 성북구 삼선동1가 29호,삼선시장,시장,200571.1538,454098.6109
폐업,서울특별시 성북구 장위동 68번지 1014호,코코마트,시장,204367.3478,456732.945
영업/정상,서울특별시 종로구 낙원동 288번지 낙원상가,낙원상가,그 밖의 대규모점포,198838.913,452214.211
영업/정상,서울특별시 종로구 낙원동 288번지 낙원상가,낙원상가,그 밖의 대규모점포,198838.913,452214.211
영업/정상,서울특별시 종로구 예지동 6번지 1호,광장시장,복합쇼핑몰,199837.4143,451974.1285
영업/정상,서울특별시 종로구 숭인동 76번지 롯데캐슬천지인 1층,홈플러스(주)익스프레스 숭인점,구분없음,201359.5335,452395.6591
영업/정상,서울특별시 종로구 종로6가 270번지 3호 동대문종합시장D동상가,동대문종합시장D동상가,그 밖의 대규모점포,200579.4098,452035.3477
영업/정상,,에이피엠플레이스,쇼핑센터,200673.0115,451443.2799
영업/정상,서울특별시 은평구 응암동 754번지 1호,대림시장,시장,192661.6613,453828.586
영업/정상,서울특별시 은평구 응암동 300번지 11 호   ,양지시장,그 밖의 대규모점포,,
영업/정상,서울특별시 종로구 서린동 33번지 영풍빌딩,(주)영풍문고,전문점,198351.8187,451921.603
영업/정상,,DDP FASHION MALL,그 밖의 대규모점포,200999.3562,451654.4182
영업/정상,   호   ,종로세운상가,대형마트,,
영업/정상,서울특별시 종로구 인의동 48번지 2호,효성주얼리시티,그 밖의 대규모점포,199812.6096,452132.6483
영업/정상,,홈플러스익스프레스 신당점,구분없음,201308.5365,451174.3655
영업/정상,서울특별시 종로구 창신동 23번지 76호 브라운스톤 창신,브라운스톤 창신상가,그 밖의 대규모점포,201258.0627,452787.1328
영업/정상,서울특별시 종로구 종로6가 289번지 3 호,동대문종합시장,그 밖의 대규모점포,200717.749,452011.8651
영업/정상,서울특별시 종로구 종로6가 289번지 57호,동대문종합시장 신관,그 밖의 대규모점포,200647.0133,452054.7649
영업/정상,,동문시장,시장,200908.3984,452025.3465
영업/정상,서울특별시 종로구 인의동 112번지 2호,세운스퀘어,그 밖의 대규모점포,199670.9799,452221.775
영업/정상,서울특별시 종로구 신문로1가 24번지  고려빌딩 1층,홈플러스(주)익스프레스 광화문점,대형마트,197700.034,452022.5035
영업/정상,서울특별시 종로구 예지동 6번지 1호,광장주식회사,시장,199837.4143,451974.1285
영업/정상,,지에스수퍼마켓 중구만리점,구분없음,,
영업/정상,서울특별시 중구 남대문로2가 9-1,센터포인트 명동,쇼핑센터,198401.7013,451374.3122
영업/정상,,서울중앙시장,그 밖의 대규모점포,201680.0675,451610.9622
영업/정상,"서울특별시 성북구 길음동 535번지8호, 535번지26호, 540번지2호",길음시장,그 밖의 대규모점포,,
영업/정상,서울특별시 종로구 종로1가 1번지,종로1번지아케이트,복합쇼핑몰,197993.9046,452032.9586
영업/정상,서울특별시 종로구 서린동 33호   ,영풍문고,대형마트,198351.8187,451921.603
영업/정상,서울특별시 종로구 창신동 436번지 79  호   ,동대문신발도매상가,그 밖의 대규모점포,,
영업/정상,서울특별시 종로구 숭인동 206-9 신설종합시장 숭인동,신설종합시장,시장,201727.6708,452264.4202
영업/정상,서울특별시 종로구 숭인동 206-9 신설종합시장,신설종합시장(주),그 밖의 대규모점포,201727.6708,452264.4202
휴업,서울특별시 종로구 종로3가 175번지 4호   ,종로세운상가,그 밖의 대규모점포,,
휴업,서울특별시 종로구 종로3가 175번지 4호   ,종로세운상가,그 밖의 대규모점포,,
휴업,서울특별시 종로구 창신동 766호   ,숭인제일아케이트,그 밖의 대규모점포,,
휴업,   호   ,광장시장주식회사,그 밖의 대규모점포,,
폐업,서울특별시 종로구 창신동 328번지 18호,크레타 망고 아울렛,전문점,201273.8878,452163.2925
폐업,서울특별시 종로구 중학동 62번지 외 66필지,중학아케이드,그 밖의 대규모점포,,
영업/정상,서울특별시 중구 남창동 49번지,서울남대문시장,그 밖의 대규모점포,197951.1506,450771.0878
영업/정상,,팀204,그 밖의 대규모점포,201096.6813,451715.8304
영업/정상,,통일상가,그 밖의 대규모점포,200541.6377,451814.4595
영업/정상,서울특별시 중구 충무로4가 120번지 3   호,진양상가,그 밖의 대규모점포,199571.5995,451124.8514
영업/정상,,상제리제상가,그 밖의 대규모점포,198744.4332,451677.0651
영업/정상,서울특별시 중구 신당동 776호,(주)에리어식스,그 밖의 대규모점포,200989.6866,451762.2615
영업/정상,서울특별시 중구 흥인동 3번지 4호,우일타운,전문점,201390.6235,451682.9244
영업/정상,서울특별시 중구 을지로4가 9번지 6호,대림상가,그 밖의 대규모점포,199534.3297,451608.2229
영업/정상,,방산종합시장,그 밖의 대규모점포,200002.9527,451823.5325
영업/정상,서울특별시 중구 신당1동 773번지,맥스타일,전문점,200863.5941,451837.4816
휴업,서울특별시 은평구 진관외동 424번지 1호   ,진관시장,그 밖의 대규모점포,,
영업/정상,,아트프라자,그 밖의 대규모점포,201070.9794,451874.6375
영업/정상,,남산타운5상가,그 밖의 대규모점포,200984.7137,449703.2398
영업/정상,,남산타운2상가,그 밖의 대규모점포,200984.7137,449703.2398
영업/정상,,현대시티타워,쇼핑센터,,
영업/정상,,하이해리엇,그 밖의 대규모점포,198636.2504,451005.7216
영업/정상,서울특별시 중구 신당1동 213번지 8호,올레오,쇼핑센터,201040.3526,451852.1426
영업/정상,서울특별시 중구 을지로6가 17번지,통일상가,그 밖의 대규모점포,200613.5103,451817.5154
영업/정상,,제일평화시장,그 밖의 대규모점포,200938.5281,451798.0031
영업/정상,서울특별시 중구 봉래동2가 122번지 11호,롯데아울렛 서울역점,쇼핑센터,197230.2061,450446.6844
영업/정상,서울특별시 중구 봉래동2가 120번지 11호,롯데아울렛 서울역점,쇼핑센터,197364.6268,450397.3696
영업/정상,,(주)지에스리테일 남산타운점,그 밖의 대규모점포,200984.7137,449703.2398
영업/정상,서울특별시 중구 을지로6가 18번지 185호,밀리오레,그 밖의 대규모점포,200664.5829,451781.8684
영업/정상,,굳앤굳 디자이너월드,그 밖의 대규모점포,198079.6943,450952.1745
영업/정상,서울특별시 중구 남창동 51번지 1호,숭례문상가,그 밖의 대규모점포,197831.0027,450794.3148
영업/정상,서울특별시 중구 소공동 1번지,호텔롯데아케이드,그 밖의 대규모점포,198259.6536,451392.1982
영업/정상,서울특별시 중구 신당동 193번지 3호,에이피엠패션몰,그 밖의 대규모점포,201031.4794,451759.2624
영업/정상,서울특별시 중구 산림동 207번지 1호 세운청계상가,청계상가,그 밖의 대규모점포,199521.2008,451751.4241
영업/정상,서울특별시 중구 을지로6가 18번지 35호,헬로우에이피엠,그 밖의 대규모점포,200649.7767,451689.7852
휴업,서울특별시 중구 을지로6가 21번지 31호,롯데패션몰,쇼핑센터,200548.0388,451497.6266
영업/정상,서울특별시 중구 신당1동 217번지 91호,청평화시장,그 밖의 대규모점포,201250.877,451908.7738
영업/정상,서울특별시 중구 신당동 193번지 2 호,디오트,그 밖의 대규모점포,201236.0315,451872.4094
영업/정상,서울특별시 중구 황학동 2545번지,주식회사 이마트 청계천점,대형마트,201823.909,452076.8187
영업/정상,서울특별시 중구 황학동 2545번지,베네치아메가몰,그 밖의 대규모점포,201823.909,452076.8187
영업/정상,서울특별시 중구 명동2가 31번지 1호,엠플라자(M plaza),쇼핑센터,198619.3882,451135.7403
영업/정상,서울특별시 중구 을지로6가 18번지 21호 굿모닝시티쇼핑몰,굿모닝시티 쇼핑몰,쇼핑센터,200573.6413,451621.0365
영업/정상,서울특별시 중구 을지로6가 17번지 48호,평화시장,그 밖의 대규모점포,200644.6738,451908.7
영업/정상,서울특별시 중구 명동2가 83번지 5호,눈스퀘어,그 밖의 대규모점포,198418.7417,451237.1686
휴업,서울특별시 중구 을지로7가 105호   ,라모도 쇼핑몰,그 밖의 대규모점포,200673.0115,451443.2799
폐업,,합동시장,그 밖의 대규모점포,197037.3688,450812.9397
폐업,,(주)심풍유통,그 밖의 대규모점포,200247.4451,451352.512
폐업,,케레스타,그 밖의 대규모점포,198421.6477,451369.5459
폐업,,대한통운마트,그 밖의 대규모점포,,
폐업,,신세계 이마트 청계천점,그 밖의 대규모점포,202011.8001,452413.4129
폐업,,아바타,그 밖의 대규모점포,198418.7417,451237.1686
폐업,,서소문화훼종합물류센터,그 밖의 대규모점포,197263.0683,450957.8472
폐업,,호텔신라아케이트,그 밖의 대규모점포,200632.9855,450610.6109
폐업,,메사,그 밖의 대규모점포,198129.4355,450900.2397
취소/말소/만료/정지/중지,서울특별시 중구 충무로1가 24번지 1호,밀리오레명동,그 밖의 대규모점포,198562.6327,450975.1164
취소/말소/만료/정지/중지,,라모도쇼핑몰,그 밖의 대규모점포,200673.0115,451443.2799
취소/말소/만료/정지/중지,서울특별시 중구 신당동 22번지,패션몰 유어스,그 밖의 대규모점포,200999.3562,451654.4182
영업/정상,서울특별시 용산구 한강로3가 40번지 999호,아이파크몰(I PARK MALL),쇼핑센터,196762.0774,447480.0396
영업/정상,서울특별시 용산구 한남동 631번지 5호 허준빌딩,롯데슈퍼 한남점(가맹점),구분없음,200431.1456,447763.4142
영업/정상,서울특별시 용산구 한강로1가 191호   ,국제센터아케이드,그 밖의 대규모점포,197646.514,447909.0707
영업/정상,서울특별시 용산구 한강로2가 413호   ,(주)전자타운,그 밖의 대규모점포,196775.6399,447984.6345
영업/정상,서울특별시 용산구 한강로2가 191호,LS Avenue,그 밖의 대규모점포,197099.3815,447328.5488
영업/정상,서울특별시 용산구 보광동 260번지 8호,보광시장,시장,199955.4297,447219.1616
영업/정상,서울특별시 용산구 서계동 260번지 1호,만리시장,시장,196716.1659,449892.5577
영업/정상,서울특별시 용산구 이태원동 119번지 25호,해밀톤 쇼핑몰,쇼핑센터,199363.5958,448050.9263
영업/정상,서울특별시 용산구 한강로3가 16번지 9호,(주)에스와이에스홀딩스,전문점,196370.7464,447841.6988
영업/정상,서울특별시 성북구 장위동 60번지 1호,삼익아파트상가,그 밖의 대규모점포,205020.6087,456783.7666
영업/정상,서울특별시 용산구 원효로3가 51번지 30호,원효전자상가,전문점,196385.232,447938.1925
영업/정상,서울특별시 용산구 용산동6가 69번지 167호,신동아 쇼핑센터,쇼핑센터,198622.8926,446114.1552
영업/정상,서울특별시 용산구 한강로2가 15번지 19호,(주)농협유통하나로클럽용산점,대형마트,196813.2585,447881.9708
영업/정상,서울특별시 용산구 한강로2가 413호,전자타운,전문점,196775.6399,447984.6345
영업/정상,서울특별시 용산구 이태원동 56번지 9호,이태원시장,시장,199051.1588,447953.6017
영업/정상,서울특별시 용산구 한강로3가 2-8,(주)서부티엔디,전문점,196605.5116,447841.2701
폐업,,롯데마켓999 용산파크자이가맹점,구분없음,197514.1458,448264.3223
폐업,서울특별시 용산구 이촌동 300번지 27  호,한강상가,시장,197450.2776,446437.1979
폐업,서울특별시 용산구 한강로3가 40번지 969호,터미널전자상가,전문점,196610.6638,447742.3486
폐업,서울특별시 용산구 산천동 202호,삼성테마트,그 밖의 대규모점포,195547.1403,447976.7759
영업/정상,,파크에비뉴 엔터식스 한양대점,복합쇼핑몰,203523,450411
영업/정상,서울특별시 성동구 용답동 49번지 5호,성동용답상가시장,시장,204566.0464,451260.9331
영업/정상,서울특별시 용산구 한강로3가 40번지 999호,아이파크(I PARK)백화점,백화점,196762.0774,447480.0396
영업/정상,서울특별시 용산구 한강로2가 15번지 14호,선인상가,전문점,196839.6417,447863.232
영업/정상,서울특별시 용산구 용산동6가 69번지 167호,신동아쇼핑센터,쇼핑센터,198622.8926,446114.1552
영업/정상,서울특별시 성동구 왕십리2동 966번지 11호,홈플러스(주) 익스프레스 왕십리점,구분없음,202806.0185,451160.356
영업/정상,서울특별시 성동구 금호동3가 332번지,금남시장,시장,201939.2553,449589.2138
영업/정상,서울특별시 성동구 용답동 234번지 한국자동차매매센터,자동차매매센타,전문점,205784.8688,450883.524
영업/정상,서울특별시 성동구 옥수동 220번지 1호 한남하이츠아파트,한남하이츠상가,그 밖의 대규모점포,201181.599,448609.5881
영업/정상,서울특별시 성동구 행당동 347번지 행당동 대림아파트,대림리빙프라자,그 밖의 대규모점포,202326.503,450625.5842
영업/정상,서울특별시 성동구 행당동 346번지 행당 한진타운 종합상가,한진종합상가,그 밖의 대규모점포,202511.1429,450401.3037
영업/정상,서울특별시 성동구 성수동2가 289번지 4호,(주)인트램,그 밖의 대규모점포,204830.9773,449477.4485
영업/정상,서울특별시 성동구 마장동 510번지 3호 일대,마장축산물시장,시장,203323.7878,451940.2054
영업/정상,서울특별시 성동구 왕십리도선동 69번지,성동삼성쉐르빌상가,그 밖의 대규모점포,203017.0215,451346.2811
영업/정상,서울특별시 성동구 행당동 168번지 1호,(주)이마트 왕십리점,대형마트,203292.1519,451267.7309
영업/정상,서울특별시 성동구 행당동 168번지 151호 왕십리민자역사,ENTER-6,그 밖의 대규모점포,203321.5623,451001.8687
영업/정상,서울특별시 성동구 금호동3가 1331번지,홈플러스(주) 익프스레스 금호2점,구분없음,201383.0237,449744.2805
영업/정상,서울특별시 성동구 금호동1가 481번지 5호,홈플러스(주) 익스프레스 금호점,구분없음,201772.8071,450250.3664
영업/정상,서울특별시 성동구 성수1가1동 14번지 17호,홈플러스(주)익스프레스 뚝섬점,구분없음,204257.5849,449412.5441
영업/정상,서울특별시 성동구 행당동 155번지 1호 서울숲 더샵,노브랜드 엔터식스한양대점,구분없음,203477.9054,450542.4544
폐업,서울특별시 은평구 응암동 74번지 7 호,녹번시장,그 밖의 대규모점포,193792.9849,455370.6138
영업/정상,서울특별시 성동구 성수동1가 656-1208 성수만세주유소,홈플러스익스프레스 뚝섬2점,구분없음,203841.2255,449475.5401
폐업,서울특별시 성동구 성수1가1동 72번지 91호,홈플러스(주)익스프레스 성수점,구분없음,204271.5152,448744.2458
폐업,서울특별시 성동구 금호동1가 128번지 1호,금북시장,그 밖의 대규모점포,202004.4523,450411.4636
폐업,서울특별시 성동구 금호동4가 548번지 1호,금호종합시장,그 밖의 대규모점포,201924.2874,449505.4332
폐업,서울특별시 성동구 용답동 49번지 5호,용답동상가번영회,시장,204566.0464,451260.9331
취소/말소/만료/정지/중지,서울특별시 성동구 성수동2가 231번지 1호,성동마트,그 밖의 대규모점포,205260.8277,448399.9487
영업/정상,서울특별시 광진구 자양동 44번지 2호,노룬산시장,그 밖의 대규모점포,205663.0811,448250.3634
영업/정상,서울특별시 광진구 자양동 6번지 20호,조양시장,그 밖의 대규모점포,205886.289,448517.3386
영업/정상,서울특별시 광진구 중곡동 229번지 5호,중곡제일시장,그 밖의 대규모점포,207114.4989,451296.0494
영업/정상,서울특별시 광진구 군자동 503번지,파크에비뉴,그 밖의 대규모점포,206212.2443,449577.1749
영업/정상,서울특별시 광진구 중곡동 79번지 13호,신성종합시장,그 밖의 대규모점포,207747.894,450639.201
영업/정상,서울특별시 광진구 자양동 602호,자양종합시장,그 밖의 대규모점포,206686.3645,447752.4632
영업/정상,서울특별시 광진구 구의동 546번지 4호,테크노-마트21,그 밖의 대규모점포,208394.4164,448165.28
영업/정상,서울특별시 광진구 중곡2동 157번지 1호,홈플러스(주)익스프레스 중곡점,구분없음,207001.8723,450597.6149
영업/정상,서울특별시 광진구 중곡4동 93번지 2호,홈플러스익스프레스 중곡2점,구분없음,207778.1165,450250.2556
영업/정상,서울특별시 광진구 화양동 10번지 1호,(주)지에스리테일GS수퍼 광진화양점,구분없음,206107.7752,449029.3422
영업/정상,서울특별시 광진구 자양동 663번지 21  호,프라젠 스파,그 밖의 대규모점포,207368.6245,447632.296
영업/정상,서울특별시 광진구 자양동 227번지 7호,(주)이마트 자양점,대형마트,206349.675,448396.9397
영업/정상,서울특별시 광진구 자양동 17번지 1호,커먼그라운드,그 밖의 대규모점포,205758.8167,448768.1614
영업/정상,서울특별시 광진구 화양동 10번지 1호,한아름시장,그 밖의 대규모점포,206107.7752,449029.3422
영업/정상,서울특별시 광진구 중곡동 229번지 15호,광성시장,그 밖의 대규모점포,207098.9948,451260.4457
영업/정상,서울특별시 광진구 구의동 546번지 1호,동서울터미널상가,그 밖의 대규모점포,208201.9933,447967.2995
영업/정상,서울특별시 광진구 광장동 484호,현대종합상가,그 밖의 대규모점포,208644.8192,448711.7258
영업/정상,서울특별시 광진구 구의동 611호,구의현대종합상가,그 밖의 대규모점포,208403.7461,448490.2392
영업/정상,서울특별시 광진구 구의동 631번지 1호,프라임프라자상가,그 밖의 대규모점포,208558.2866,448353.9052
영업/정상,서울특별시 광진구 구의동 66-25,구의 자이르네 판매시설,그 밖의 대규모점포,207754.5752,449270.2315
폐업,서울특별시 광진구 구의동 66번지 28호,구의시장,그 밖의 대규모점포,207754.5752,449270.2315
폐업,서울특별시 광진구 군자동 361번지 6호,화양시장,그 밖의 대규모점포,,
폐업,서울특별시 광진구 광장동 145번지 8호,워커힐상가,그 밖의 대규모점포,209345.9418,449811.7182
영업/정상,서울특별시 동대문구 용두동 33번지 1호,홈플러스(주) 동대문점,대형마트,203356.9574,452469.3002
영업/정상,서울특별시 광진구 구의3동 212번지 2호,홈플러스익스프레스 구의2점,구분없음,208261.7488,448701.6585
영업/정상,서울특별시 동대문구 신설동 109번지 5호,서울풍물시장,그 밖의 대규모점포,202186.4681,452282.6074
영업/정상,서울특별시 동대문구 장안동 580번지,장안위더스빌,그 밖의 대규모점포,205423.9695,451556.2106
영업/정상,서울특별시 동대문구 이문동 292번지 10호,(주)이마트에브리데이 이문점,구분없음,205396.3637,455131.6832
영업/정상,서울특별시 동대문구 제기동 1140번지 5호,불로장생타워,전문점,203155.5049,452914.6075
영업/정상,서울특별시 동대문구 용두동 787번지 동의보감타워,건강백화점 동의보감,전문점,203258.3772,452834.0641
영업/정상,서울특별시 동대문구 이문1동 292번지 10호 (주)이문종합상가 이문동웰츠타워,대규모점포 개설등록,그 밖의 대규모점포,205396.3637,455131.6832
영업/정상,서울특별시 동대문구 장안동 108-5,전곡시장,시장,205987.3456,452845.2843
영업/정상,서울특별시 동대문구 휘경동 151-3,이경시장,시장,204881.3132,454280.0406
영업/정상,서울특별시 동대문구 이문동 292번지 10호,이문제일시장,시장,205396.3637,455131.6832
영업/정상,서울특별시 동대문구 제기동 892번지 71호,한솔동의보감,전문점,203075.0985,452918.8365
영업/정상,서울특별시 동대문구 장안동 368번지 1호,(주)형지쇼핑 아트몰링 장안점,그 밖의 대규모점포,206325.3494,452184.2102
영업/정상,서울특별시 동대문구 용두동 231-5,용두시장,시장,202538.0118,452901.1853
영업/정상,서울특별시 동대문구 제기동 650호,동서시장,시장,203597.8562,453055.9087
영업/정상,서울특별시 동대문구 청량리동 738번지,청량리현대코아,그 밖의 대규모점포,203851.3754,453238.5942
영업/정상,서울특별시 동대문구 전농동 647번지 1호,전농프라자,그 밖의 대규모점포,204082.1118,452472.9905
영업/정상,서울특별시 동대문구 전농동 295번지 52호,전농로타리시장,시장,204970.9016,452852.821
영업/정상,서울특별시 동대문구 답십리동 495-1,동부시장,시장,205006.0749,451814.3324
영업/정상,서울특별시 동대문구 이문동 292번지 10호,이문동웰츠타워,그 밖의 대규모점포,205396.3637,455131.6832
영업/정상,,홈플러스 익스프레스 서울회기점,구분없음,204605.3839,454565.9406
영업/정상,서울특별시 동대문구 신설동 109번지 5호,서울특별시장,그 밖의 대규모점포,202186.4681,452282.6074
영업/정상,서울특별시 동대문구 답십리1동 530번지 11호  외1필지 지층1호~13호,(주)이마트에브리데이 답십리점,구분없음,204638.4864,451699.7658
영업/정상,서울특별시 동대문구 장안동 580번지,노브랜드 동대문 장안점,대형마트,205423.9695,451556.2106
휴업,   호   ,기타대규모점포,그 밖의 대규모점포,,
폐업,서울특별시 동대문구 장안동 371번지 0001호,쉐르빌쇼핑타운,그 밖의 대규모점포,206101.9138,452155.6911
폐업,서울특별시 동대문구 제기동 892번지 71호,(주)미도파마트,대형마트,203075.0985,452918.8365
폐업,서울특별시 동대문구 용두동 39번지 1호,동부청과(주),그 밖의 대규모점포,203728.1321,452778.8933
폐업,서울특별시 동대문구 장안동 217번지 2호,장안시장,그 밖의 대규모점포,,
폐업,서울특별시 동대문구 회기동 346번지 18 호,휘경시장,시장,204881.3132,454280.0406
폐업,서울특별시 동대문구 이문동 292번지 10호,이문종합상가,그 밖의 대규모점포,205396.3637,455131.6832
폐업,서울특별시 동대문구 답십리동 68번지 1 호,답십리시장,그 밖의 대규모점포,205033.874,452322.3013
폐업,서울특별시 동대문구 제기동 892번지 71 호,미도파마트,대형마트,203075.0985,452918.8365
폐업,서울특별시 동대문구 회기동 346번지 17호,휘경시장,그 밖의 대규모점포,204890.735,454315.0261
폐업,서울특별시 동대문구 이문동 292번지 10호,주-이문종합상가,그 밖의 대규모점포,205396.3637,455131.6832
폐업,서울특별시 동대문구 이문동 292번지 10호,주-이문종합상가,그 밖의 대규모점포,205396.3637,455131.6832
폐업,서울특별시 동대문구 장안2동 368번지 1호 바우하우스,롯데쇼핑(주) 롯데슈퍼 장안2동점,구분없음,206325.3494,452184.2102
휴업,서울특별시 강서구 화곡동 1095호   ,그랜드패션아울렛,그 밖의 대규모점포,186786.6225,450297.7027
폐업,서울특별시 동대문구 장안동 368번지 1호 바우하우스,롯데쇼핑(주) 롯데슈퍼 장안 2동점,구분없음,206325.3494,452184.2102
폐업,서울특별시 동대문구 전농동 620번지 69호,롯데백화점 청량리플라자,백화점,203996.0139,453058.6658
폐업,서울특별시 동대문구 제기동 135번지 90호,제기시장,그 밖의 대규모점포,203009.1887,453776.8292
폐업,서울특별시 동대문구 답십리동 265번지 5호,답십리중앙시장,그 밖의 대규모점포,205006.0749,451814.3324
폐업,서울특별시 동대문구 이문1동 258번지 24호,홈플러스(주) 익스프레스 이문점,그 밖의 대규모점포,205403.7777,455220.2574
취소/말소/만료/정지/중지,서울특별시 동대문구 용두동 787호,건강백화점 동의보감,전문점,203258.3772,452834.0641
취소/말소/만료/정지/중지,서울특별시 동대문구 장안동 368번지 1호,바우하우스,대형마트,206325.3494,452184.2102
영업/정상,서울특별시 중랑구 신내1동 786번지 동성타워프라자,동성타워프라자,복합쇼핑몰,208520.0923,456195.8775
영업/정상,서울특별시 중랑구 중화2동 314번지 1호,태능엔터피아 번영회,시장,206771.2173,455221.9895
영업/정상,,동원,시장,207869.6056,454173.3134
영업/정상,서울특별시 중랑구 중화2동 314번지 1호,홈플러스(주) 익스프레스 태릉점,그 밖의 대규모점포,206771.2173,455221.9895
영업/정상,서울특별시 중랑구 면목3.8동 499번지 4호,홈플러스(주)익스프레스 면목점,그 밖의 대규모점포,207708.3648,453525.7412
영업/정상,서울특별시 중랑구 망우3동 410번지 1호,홈플러스(주)익스프레스 망우점,그 밖의 대규모점포,208781.9994,454740.6269
영업/정상,서울특별시 중랑구 면목7동 650번지 카멜리아 쇼핑센타 1층,(주)이마트에브리데이 면목동점,구분없음,207553.1704,453031.1158
영업/정상,서울특별시 중랑구 신내2동 645번지,홈플러스 신내점,대형마트,208208.7867,457054.7937
영업/정상,서울특별시 중랑구 면목동 168번지 2호,홈플러스(주)면목점,복합쇼핑몰,207089.2166,453074.4768
영업/정상,서울특별시 중랑구 망우동 506번지 1호,주식회사 이마트 상봉점,대형마트,208183.5589,454911.2485
영업/정상,서울특별시 중랑구 묵1동 170번지 1호 외 35필지,주식회사 이마트 묵동점,대형마트,206777.7314,456837.2196
영업/정상,,이노시티,복합쇼핑몰,208091.2692,455421.8266
영업/정상,서울특별시 중랑구 상봉1동 500번지,홈플러스(주) 서울 상봉점,대형마트,207923.7459,455090.7183
영업/정상,서울특별시 중랑구 상봉동 81호,코스트코홀세일 상봉점,대형마트,207897.2604,454953.3634
폐업,,한남프라자,시장,207590.0311,454599.6328
폐업,서울특별시 중랑구 상봉2동 129번지 9호,롯데쇼핑(주)롯데슈퍼 상봉점,그 밖의 대규모점포,206740.9598,454517.5753
취소/말소/만료/정지/중지,서울특별시 중랑구 묵1동 170번지 1호 외 35필지,신세계 이마트 묵동점,대형마트,206777.7314,456837.2196
영업/정상,서울특별시 중랑구 신내동 646 금강리빙스텔,롯데프레시앤델리 봉화산역점,구분없음,208112.8602,457113.6384
영업/정상,서울특별시 성북구 돈암동 609번지 1호 스카이프라자상가,동소문스카이상가,그 밖의 대규모점포,200841.727,454721.5052
영업/정상,"서울특별시 성북구 길음동 535-8,535-26,540-2,540-7",길음시장,그 밖의 대규모점포,,
영업/정상,서울특별시 성북구 보문동7가 25번지 1호,홈플러스익스프레스 보문점,구분없음,201826.0023,453162.3763
영업/정상,서울특별시 성북구 길음동 1285번지 두산아파트상가,홈플러스익스프레스 길음점,구분없음,201592.9913,456382.9661
영업/정상,,석관시장,시장,205254.2626,456319.5567
영업/정상,,보문시장(주),시장,201858.4883,453868.7203
영업/정상,서울특별시 성북구 석관동 279번지 39호,석관황금시장,시장,205365.358,456371.165
영업/정상,서울특별시 성북구 돈암동 609번지 1호,동소문스카이상가,시장,200841.727,454721.5052
영업/정상,,장위전통시장,시장,204407.2508,456638.1945
영업/정상,서울특별시 성북구 길음동 25번지 2호,이마트 미아점,대형마트,202555.3009,456503.0662
영업/정상,서울특별시 성북구 하월곡동 230번지 동일하이빌뉴시티아파트,이마트 하월곡점,대형마트,202667.4688,455858.9208
영업/정상,,(주)지에스리테일 성북보문점,구분없음,201509,453158
영업/정상,서울특별시 성북구 보문동4가 1번지 1   호   ,보문시장,그 밖의 대규모점포,,
영업/정상,서울특별시 성북구 하월곡동 88번지 345호   ,미아시장,그 밖의 대규모점포,,
영업/정상,서울특별시 성북구 석관동 270호   ,석관시장,그 밖의 대규모점포,,
영업/정상,서울특별시 성북구 석관동 338번지 18호   ,새석관시장,그 밖의 대규모점포,204582.6803,456210.8363
영업/정상,서울특별시 성북구 장위동 301호   ,번동시장,그 밖의 대규모점포,204162.7777,457664.9619
영업/정상,서울특별시 성북구 길음동 540번지 2   호   ,길음시장,그 밖의 대규모점포,,
영업/정상,서울특별시 성북구 돈암동 609번지 1  호   ,동소문스카이프라자,그 밖의 대규모점포,,
영업/정상,서울특별시 성북구 길음동 20번지 1호,현대백화점 미아점,백화점,202466.8011,456227.5717
영업/정상,서울특별시 성북구 길음동 535번지 8호,길음시장,시장,201852.5885,455598.9475
영업/정상,서울특별시 성북구 길음동 25번지 2호,신세계이마트미아점,대형마트,202555.3009,456503.0662
영업/정상,서울특별시 성북구 길음동 25번지 2호,이마트 미아점,대형마트,202555.3009,456508.4952
영업/정상,서울특별시 성북구 종암동 132번지,종암우림카이저팰리스주상복합,그 밖의 대규모점포,202887.7362,455516.2032
영업/정상,서울특별시 성북구 길음동 25번지 2호 신세계 이마트 미아점,이마트 미아점,대형마트,202555.3009,456503.0662
영업/정상,서울특별시 성북구 월곡2동 46번지 73호,홈플러스 월곡점,대형마트,203502.0041,455500.569
영업/정상,서울특별시 성북구 길음2동 230번지 동일하이빌뉴시티아파트,이마트 하월곡점,대형마트,202667.4688,455858.9208
영업/정상,,GS슈퍼마켓 동소문점,구분없음,200841.727,454873.8254
영업/정상,서울특별시 성북구 돈암2동 636번지,GS슈퍼마켓 돈암점,그 밖의 대규모점포,201501.4745,455061.6986
영업/정상,서울특별시 성북구 길음1동 1284번지 삼성래미안3차아파트,GS슈퍼마켓 길음뉴타운점,그 밖의 대규모점포,201514.9828,456137.0843
영업/정상,서울특별시 성북구 길음1동 1280번지 6호,GS수퍼마켓 길음점,그 밖의 대규모점포,201517.3853,456504.5619
영업/정상,서울특별시 성북구 월곡1동 62번지 1호,롯데슈퍼하월곡점,,203353.7989,455765.4171
영업/정상,서울특별시 성북구 동선동1가 1번지 2호,유타쇼핑몰,쇼핑센터,201447.4187,454477.1033
영업/정상,서울특별시 성북구 삼선동1가 21번지,홈플러스익스프레스 삼선점,구분없음,200509.6605,453950.6409
영업/정상,서울특별시 성북구 동소문동5가 59번지 2호 돈암제일시장 고객편의센터,돈암시장,시장,201336.7505,454358.4269
영업/정상,서울특별시 성북구 장위동 68-225,장위전통시장상인회,시장,204407.2508,456638.1945
휴업,서울특별시 성북구 장위동 68번지 1014호   ,코코마트,그 밖의 대규모점포,204367.3478,456732.945
휴업,서울특별시 성북구 장위동 68번지 1014호   ,코코마트,그 밖의 대규모점포,204367.3478,456732.945
휴업,서울특별시 성북구 길음동 25번지 2호   ,신세계백화점 미아점,백화점,202555.3009,456503.0662
휴업,서울특별시 성북구 길음동 540번지 2호   ,길음시장,그 밖의 대규모점포,201876.5217,455664.6353
폐업,서울특별시 성북구 길음동 1274번지 67호,롯데마이슈퍼 길음점,구분없음,201706.214,456753.5656
폐업,서울특별시 성북구 장위동 60번지 1호,장석시장,시장,205020.6087,456783.7666
폐업,서울특별시 성북구 종암동 3번지 75  호,종암시장,시장,,
폐업,서울특별시 성북구 삼선동5가 55번지 1  호,돈암시장,시장,,
폐업,서울특별시 성북구 동소문동5가 75번지,롯데마이슈퍼 동소문점,구분없음,201358.894,454439.0851
영업/정상,서울특별시 강북구 수유동 54번지 5호 수유시장,수유시장,그 밖의 대규모점포,201956.181,458714.3658
영업/정상,서울특별시 강북구 수유동 32번지 2호 수유중앙시장,수유중앙시장,그 밖의 대규모점포,201812.9047,459775.9928
영업/정상,서울특별시 강북구 미아동 701번지 3호 동북프라자,동북프라자,그 밖의 대규모점포,201589.778,457545.1009
영업/정상,,(주)농협유통 미아점,대형마트,202266.4487,457691.8024
영업/정상,,홈플러스(주)익스프레스미아점,대형마트,202344.1179,457986.1723
영업/정상,서울특별시 강북구 번1동 413번지 3호,북부시장,시장,202608.9341,459320.0308
영업/정상,서울특별시 강북구 미아동 701번지 3호 동북프라자,동북시장,그 밖의 대규모점포,201589.778,457545.1009
영업/정상,,우이시장,시장,201692.8689,460402.0655
영업/정상,서울특별시 강북구 미아동 71번지 1호,연이스퀘어,쇼핑센터,202615,456822
영업/정상,서울특별시 강북구 수유동 63번지,수유프라자,복합쇼핑몰,202000.5137,458815.9777
영업/정상,서울특별시 강북구 수유동 63번지,수유프라자,그 밖의 대규모점포,202000.5137,458815.9777
영업/정상,서울특별시 강북구 미아동 58호,숭인시장,그 밖의 대규모점포,202558.5818,456709.9163
영업/정상,서울특별시 강북구 수유동 179번지 5호,강북종합시장,시장,202197.0963,459964.5306
영업/정상,서울특별시 강북구 수유동 405번지 5호,수유북부시장,그 밖의 대규모점포,201354.5535,459317.5831
영업/정상,서울특별시 강북구 송중동,트레지오,복합쇼핑몰,202642.446,456636.3082
영업/정상,서울특별시 강북구 수유3동 179번지 5호,강북종합시장,그 밖의 대규모점포,202197.0963,459964.5306
영업/정상,서울특별시 강북구 번1동 413번지 3호,강북 북부시장,시장,202608.9341,459320.0308
영업/정상,서울특별시 강북구 미아동 1357번지 6호,(주)지에스리테일GS수퍼 강북미아점,대형마트,201602.5775,457290.1007
영업/정상,서울특별시 강북구 미아동 1351번지,(주)이마트에브리데이 미아동점,대형마트,202314.4797,457821.8531
휴업,서울특별시 강북구 수유동 63호   ,수유프라자,그 밖의 대규모점포,202000.5137,458815.9777
휴업,   호   ,강북종합시장,그 밖의 대규모점포,,
휴업,서울특별시 강북구 미아동 35번지 4   호 도봉로32  ,트레지오,쇼핑센터,,
폐업,,롯데쇼핑(주)롯데슈퍼미아점,대형마트,201760.4338,456845.3738
폐업,,강북종합시장,시장,202168.1581,459990.6143
폐업,서울특별시 강북구 송천동,성북프라자,그 밖의 대규모점포,202266.4487,457691.8024
폐업,서울특별시 강북구 번2동 433번지 1호,(주)지에스리테일번동점,대형마트,202888.3136,459197.3732
폐업,서울특별시 강북구 수유1동 54번지 5호,롯데쇼핑(주)롯데슈퍼수유점,대형마트,201956.181,458714.3658
폐업,서울특별시 강북구 삼각산동 812번지 삼성래미안트리베라2차아파트 상가 204동 115-119,롯데쇼핑(주)롯데슈퍼삼양점,대형마트,201731.6844,457219.3356
영업/정상,서울특별시 도봉구 쌍문동 711번지 금강아미움파크타운,금강아미움쇼핑센터,그 밖의 대규모점포,203296.1646,462113.8605
영업/정상,서울특별시 도봉구 창동 628번지 20호,(주)이마트에브리데이 창동점,구분없음,203027.6271,460124.4184
영업/정상,서울특별시 강북구 미아동 70번지 6   호,롯데백화점 미아점,복합쇼핑몰,202625.6463,456875.974
영업/정상,서울특별시 도봉구 방학동 271번지 2호,신동아프라자,그 밖의 대규모점포,202326.1758,462116.4086
영업/정상,서울특별시 도봉구 도봉동 30번지 1호 도봉한신쇼핑상가,도봉한신쇼핑상가,그 밖의 대규모점포,204169.8477,464814.7174
영업/정상,서울특별시 도봉구 창동 804번지,대우상가,그 밖의 대규모점포,203242.9685,460001.0811
영업/정상,서울특별시 도봉구 도봉동 657번지,도봉한양프라자,그 밖의 대규모점포,204136.5845,463573.1022
영업/정상,서울특별시 도봉구 방학동 484-7,GS THE FRESH 방학신동아점,구분없음,202338.5306,461983.524
영업/정상,서울특별시 도봉구 창2동 628번지 20호,(주)에브리데이리테일 창동점,구분없음,203027.6271,460124.4184
영업/정상,서울특별시 구로구 개봉동 324번지 1   호   ,개봉중앙시장,그 밖의 대규모점포,,
영업/정상,서울특별시 도봉구 방학동 707번지 7호,홈플러스(주)방학점,대형마트,203790.0136,462495.417
영업/정상,서울특별시 도봉구 창동 581번지 28호,삼익쇼핑,그 밖의 대규모점포,203220.9214,459746.9244
영업/정상,서울특별시 도봉구 창동 135번지 26호,(주) 이마트 창동점,대형마트,204107.0903,461072.6424
영업/정상,서울특별시 도봉구 창2동 628번지 20호,(주)에브리데이리테일 창동점,구분없음,203027.6271,460124.4184
휴업,서울특별시 강서구 화곡동 1095호   ,그랜드백화점(주)마트화곡점,대형마트,186786.6225,450297.7027
폐업,서울특별시 도봉구 쌍문동 311번지,롯데슈퍼 쌍문4동 가맹점,구분없음,202472.189,460959.4629
폐업,서울특별시 도봉구 방학동 717번지 6호,롯데쇼핑(주)VIC마켓도봉점,대형마트,203920.444,462830.4849
영업/정상,서울특별시 노원구 중계동 160-1 기업은행,(주)이마트에브리데이 상계역점,구분없음,206616.3001,461867.9471
영업/정상,서울특별시 노원구 공릉동 323번지 35호,홈플러스(주)익스프레스 공릉점,구분없음,206222.0827,458423.4402
영업/정상,서울특별시 노원구 월계3동 18번지 그랑빌아파트주상가 지층동 101호,(주)지에스리테일 GS슈퍼 노원월계점,구분없음,205984.1521,457275.7993
영업/정상,서울특별시 노원구 공릉2동 89번지 1호  대덕프라자 지층 101~102호,(주)이마트에브리데이 공릉동점,구분없음,207311.1758,457610.712
영업/정상,서울특별시 노원구 하계동 284번지 2호,세이브존,그 밖의 대규모점포,206044.7764,459360.8777
영업/정상,서울특별시 노원구 중계동 509번지 2호,홈플러스(주) 중계점,대형마트,205985.9533,459730.4378
영업/정상,서울특별시 노원구 상계동 1258 희성오피앙,오피앙,그 밖의 대규모점포,204772.5006,464208.3054
영업/정상,서울특별시 노원구 월계동 333번지 1호,이마트타운 월계점,쇼핑센터,205391.0704,458333.9892
영업/정상,서울특별시 노원구 중계동 517호,롯데마트 중계점,복합쇼핑몰,206132.4325,460549.3112
영업/정상,서울특별시 노원구 상계동 292번지 1호,와우패션클럽,그 밖의 대규모점포,205557.0134,461441.688
영업/정상,서울특별시 노원구 중계동 506번지 1   호,건영옴니백화점,백화점,205645.892,459609.0125
영업/정상,서울특별시 노원구 상계동 1318번지,노원아이파크 상가,그 밖의 대규모점포,206033.0233,461935.3392
영업/정상,서울특별시 노원구 상계동 684번지,(주)지에스리테일 GS수퍼상계점,구분없음,205715.5389,462416.2116
영업/정상,서울특별시 노원구 중계동 364번지 17호 유경데파트,유경데파트,그 밖의 대규모점포,206719.5863,460669.8364
영업/정상,,홈플러스익스프레스 용강점,구분없음,194695.7971,448818.968
영업/정상,,공릉종합상가,그 밖의 대규모점포,206578.976,457736.3647
영업/정상,서울특별시 노원구 중계동 360번지 2호,홈플러스(주)익스프레스 중계점,구분없음,206490.2474,460830.6154
휴업,서울특별시 노원구 상계동 713호   ,롯데백화점 상계점,백화점,205320.2848,461419.8818
휴업,서울특별시 노원구 하계동 284호   ,세이브존,대형마트,205994.8118,459502.6453
휴업,서울특별시 노원구 월계동 333번지 1호   ,신세계 이마트 월계덤,그 밖의 대규모점포,205391.0704,458333.9892
휴업,서울특별시 노원구 월계동 333번지 1호,신세계 이마트 월계점,대형마트,205391.0704,458333.9892
휴업,서울특별시 노원구 하계동 284호   ,세이브존,대형마트,205994.8118,459502.6453
휴업,서울특별시 노원구 상계동 389번지 234호   ,상계중앙시장,그 밖의 대규모점포,,
폐업,서울특별시 노원구 공릉동 90번지 4호,(주)지에스리테일  공릉점,구분없음,207577.5158,457741.4652
폐업,서울특별시 노원구 상계2동 1318번지 노원아이파크 지하1층,(주)지에스리테일 GS수퍼상계중앙점,대형마트,206033.0233,461935.3392
영업/정상,서울특별시 은평구 수색동 205번지 21  호   ,수일시장,그 밖의 대규모점포,,
영업/정상,서울특별시 은평구 대조동 240호,팜스퀘어,쇼핑센터,193661.7324,456379.1939
영업/정상,서울특별시 은평구 응암동 754번지 1호,대림시장,시장,192661.6613,453828.586
영업/정상,서울특별시 구로구 개봉동 361번지 1   호   ,개봉제일시장,그 밖의 대규모점포,,
영업/정상,서울특별시 은평구 불광동 310번지 131 호,연서시장,그 밖의 대규모점포,193042.5193,457459.368
영업/정상,서울특별시 은평구 불광1동 308번지 1호,롯데쇼핑(주)롯데슈퍼범서점,그 밖의 대규모점포,193035.2791,457365.9117
영업/정상,서울특별시 은평구 응암동 427번지 126호,응암시장,그 밖의 대규모점포,192738.3811,454678.8985
영업/정상,서울특별시 은평구 불광동 631번지 1호,대호프라자상가,복합쇼핑몰,194002.7017,456937.5425
영업/정상,서울특별시 은평구 불광동 248호   ,불광미성상가,그 밖의 대규모점포,193600.8884,456957.2336
영업/정상,서울특별시 은평구 신사1동 20번지 7호,홈플러스(주)익스프레스 신사점,그 밖의 대규모점포,192012.2086,455177.7045
영업/정상,서울특별시 은평구 갈현2동 527번지 13호,홈플러스 익스프레스 갈현점,그 밖의 대규모점포,191953.9402,456960.6878
영업/정상,서울특별시 은평구 불광동 308번지 1   호,범서쇼핑,쇼핑센터,193035.2791,457365.9117
영업/정상,서울특별시 은평구 구산동 182번지 6  호   ,현대화유통기업(주),대형마트,,
영업/정상,서울특별시 은평구 진관내동 500번지 2  호   ,(주)미소종합유통,대형마트,,
폐업,서울특별시 은평구 역촌동 31-6 아그네스 풍림아이원,서부종합시장,시장,192773.9746,455630.8841
영업/정상,서울특별시 은평구 불광동 311번지 13호,메트로,쇼핑센터,192998.2022,457479.9952
영업/정상,서울특별시 은평구 수색동 75번지,(주)이마트 수색점,대형마트,190977.8506,453037.788
영업/정상,서울특별시 은평구 응암동 90번지 1호,(주)이마트 은평점,대형마트,192882.8377,455340.5406
영업/정상,서울특별시 은평구 구산동 1번지 24호,홈플러스(주)익스프레스구산점,그 밖의 대규모점포,192563.8745,456570.0846
영업/정상,서울특별시 은평구 응암3동 124번지 17호,홈플러스(주)익스프레스응암점,그 밖의 대규모점포,192674.1327,454664.1668
영업/정상,서울특별시 은평구 불광1동 239번지 9호,홈플러스(주)익스프레스 불광점,그 밖의 대규모점포,194003.8839,457260.7365
휴업,서울특별시 은평구 증산동 184번지 9호   ,증산시장,그 밖의 대규모점포,191545.0504,453244.2298
휴업,서울특별시 은평구 응암동 300번지 10 호   ,대림시장,그 밖의 대규모점포,,
휴업,서울특별시 은평구 응암동 90번지 1호   ,신세계이마트 은평점,대형마트,192882.8377,455340.5406
휴업,서울특별시 은평구 응암동 90번지 1호   ,신세계이마트 은평점,대형마트,192882.8377,455340.5406
휴업,서울특별시 은평구 대조동 14번지 24호   ,"불광시장(법인, 대표자, 관리자변경)",그 밖의 대규모점포,,
폐업,서울특별시 은평구 갈현동 424번지 16 호,갈현시장,그 밖의 대규모점포,192640.0739,457921.1559
폐업,서울특별시 은평구 불광1동 554번지 1호,(주)이마트 에브리데이 불광동점,그 밖의 대규모점포,193936.1257,456673.8056
폐업,서울특별시 은평구 갈현2동 456번지 27호,롯데쇼핑(주)롯데슈퍼갈현점,그 밖의 대규모점포,192809.367,457275.2856
폐업,서울특별시 은평구 갈현1동 395번지 6호,롯데쇼핑(주)롯데슈퍼연신내점,그 밖의 대규모점포,192859.3413,457545.7936
폐업,서울특별시 은평구 역촌동 14번지 7호,홈플러스(주) 익스프레스 역촌점,그 밖의 대규모점포,192920.728,456218.216
영업/정상,서울특별시 은평구 대조동 14번지 37  호   ,대조시장,그 밖의 대규모점포,,
영업/정상,서울특별시 은평구 대조동 14번지 24호   ,불광시장(주),그 밖의 대규모점포,,
영업/정상,서울특별시 은평구 진관동 79번지 15호,롯데몰 은평,쇼핑센터,192655.7564,459477.2094
영업/정상,서울특별시 은평구 역촌동 31번지 6호,서부종합시장,그 밖의 대규모점포,192773.9746,455630.8841
영업/정상,서울특별시 서대문구 홍제3동 294번지 6호,유진상가,시장,194811.7563,454300.7397
영업/정상,서울특별시 서대문구 남가좌동 290번지 2   호,모래내시장(주),시장,192503.1283,452051.2725
영업/정상,,서중시장,시장,192517.6402,452143.4915
영업/정상,서울특별시 서대문구 창천동 30번지 33호,현대백화점 신촌점,백화점,194265.0676,450433.691
영업/정상,서울특별시 서대문구 신촌동 74번지 12  호,신촌 밀리오레,그 밖의 대규모점포,194798.4584,450837.0517
영업/정상,서울특별시 서대문구 대현동 145번지,예스에이피엠,그 밖의 대규모점포,195063.8207,450597.8741
영업/정상,서울특별시 서대문구 연희동 131번지 1호,연희슈퍼마켓,시장,193716.3399,451653.5637
영업/정상,,(주)GS리테일 북가좌점,구분없음,192000.9459,452848.0091
영업/정상,서울특별시 서대문구 홍제동 469번지 인왕산 한신휴플러스,롯데슈퍼 홍제2점,구분없음,195281.3955,453657.5348
영업/정상,서울특별시 서대문구 홍제동 294번지 46호 유진상가,롯데슈퍼 유진점,구분없음,194850.361,454344.4325
휴업,서울특별시 강서구 등촌동 639번지 11호   ,삼성테스코(주)홈플러스강서점,대형마트,187119.9482,450691.5932
영업/정상,서울특별시 마포구 신수동 93번지 102호 신촌숲아이파크,GS THE FRESH 신촌숲아이파크점,구분없음,194158.7013,449853.9824
영업/정상,서울특별시 서대문구 홍은동 11-419,이마트에브리데이 홍은점,구분없음,195280.7102,455193.0147
영업/정상,서울특별시 서대문구 남가좌동 390 래미안 루센티아,GS THE FRESH 남가좌디엠씨점,구분없음,192728.9387,452585.5416
영업/정상,서울특별시 서대문구 홍제동 294번지 46호 유진상가,롯데슈퍼 유진점(X),구분없음,194850.361,454344.4325
영업/정상,서울특별시 서대문구 북가좌동 279번지 11호,홈플러스(주) 익스프레스 북가좌점,구분없음,192301.1355,453354.0655
영업/정상,서울특별시 마포구 동교동 190번지 1호,AK&홍대,쇼핑센터,193565.9004,450545.6685
영업/정상,서울특별시 마포구 염리동 14-149,GS THE FRESH 마포염리점,구분없음,195243.087,450223.9274
영업/정상,서울특별시 마포구 구수동 61번지,롯데슈퍼 마포점,그 밖의 대규모점포,193981.3127,449301.6924
영업/정상,서울특별시 마포구 연남동 573번지 코오롱아파트,홈플러스익스프레스 연남점,그 밖의 대규모점포,192899.6057,451360.661
영업/정상,서울특별시 마포구 동교동 166번지 14호,스타피카소 아울렛,전문점,193282.1308,450549.2802
영업/정상,서울특별시 마포구 공덕동 256번지 5호 마포시장,마포시장,시장,195804.5637,449216.3113
영업/정상,서울특별시 마포구 공덕동 173번지 대우월드마크마포,(주)이마트 마포점,대형마트,195878.7415,449214.2533
영업/정상,서울특별시 마포구 신공덕동 173번지,(주)이마트 마포점,대형마트,195808.9045,448910.7413
영업/정상,서울특별시 마포구 서교동 490번지 1호,홈플러스 합정점,대형마트,192414.0269,450075.4898
영업/정상,서울특별시 마포구 연남동 227번지 15호,동진시장,시장,193456.6064,451125.4673
영업/정상,서울특별시 마포구 성산동 515호 월드컵경기장내,홈플러스(주)월드컵점,대형마트,191010.381,451972.154
영업/정상,서울특별시 마포구 공덕동 256번지 10호,공덕시장,시장,195810.0795,449173.776
영업/정상,서울특별시 마포구 합정동 375번지 1호,합정시장,시장,192257.3938,449554.4842
영업/정상,서울특별시 마포구 노고산동 57번지 1호,정도진흥기업(주),그 밖의 대규모점포,194273.5981,450318.7241
영업/정상,서울특별시 마포구 망원2동 480번지 1호,성산시장,시장,,
영업/정상,서울특별시 마포구 서교동 485번지 14호,영진시장,시장,192214.3809,450136.911
영업/정상,서울특별시 마포구 신수동 288번지 1호,신수시장,시장,194236.7347,449243.1627
영업/정상,서울특별시 마포구 망원2동 517번지,성산프라자(마포영화블렌하임),그 밖의 대규모점포,191651.5293,450694.8035
영업/정상,서울특별시 마포구 동교동 166번지 15호,YZ Park 홍대점,전문점,193296.7914,450562.9312
영업/정상,서울특별시 마포구 도화동 353번지,홈플러스익스프레스 도화점,그 밖의 대규모점포,195669.2176,448393.6587
영업/정상,서울특별시 마포구 서교동 357번지 1호,서교시장,시장,193009.2081,450142.1869
영업/정상,서울특별시 마포구 성산동 533번지 1호,마포농수산물시장,시장,190931.0009,451427.7221
영업/정상,서울특별시 마포구 창전동 442번지,마포종합시장(서강한화오벨리스크),그 밖의 대규모점포,193905.4372,449372.4965
휴업,서울특별시 마포구 성산동 533번지 1호   ,마포농수산물시장,그 밖의 대규모점포,190931.0009,451427.7221
폐업,서울특별시 마포구 도화동 559번지,마포트라팰리스 아케이드,그 밖의 대규모점포,195266.0731,448799.6418
폐업,서울특별시 마포구 염리동 36번지 249호,염리시장,시장,195236.1007,449819.8164
폐업,서울특별시 마포구 노고산동 49번지 55호,신촌상가,시장,194158.3696,450273.1941
폐업,,롯데슈퍼 신촌점,구분없음,194219.1914,450346.6098
폐업,서울특별시 마포구 서교동 441번지 6호,홈플러스익스프레스 망원점,구분없음,192018.0391,450449.0308
폐업,서울특별시 마포구 서교동 487호,신교시장,그 밖의 대규모점포,192577.9908,450569.6705
영업/정상,서울특별시 마포구 동교동 190번지 1호,홍대복합역사 상업시설,쇼핑센터,193565.9004,450545.6685
영업/정상,서울특별시 양천구 신정동 1290-4 대우미래사랑5차아파트,롯데프레시 신정점,그 밖의 대규모점포,186071.9797,445297.9868
영업/정상,서울특별시 양천구 신월5동 26번지,(주)이마트 신월점,구분없음,184796.9991,448625.3896
영업/정상,서울특별시 양천구 신정3동 1183번지 12호,홈플러스(주)익스프레스 신정점,구분없음,186934.1477,446336.6805
영업/정상,서울특별시 양천구 목5동 904번지 목동4단지아파트 관리동 105호,(주)이마트에브리데이 목동점,구분없음,188580.4837,447750.8452
영업/정상,서울특별시 양천구 목동 739번지 1호,목동시장아울렛,그 밖의 대규모점포,188117.3518,448552.9899
영업/정상,서울특별시 양천구 신월동 928번지 1 호,우성상가시장,시장,185221.9579,446727.355
영업/정상,서울특별시 양천구 목동 916호,현대백화점목동점,백화점,188884.0756,447186.8886
영업/정상,서울특별시 양천구 목동 917번지 6호,행복한백화점,백화점,188977.1711,447466.355
영업/정상,서울특별시 양천구 신정동 201번지 1호,신정동세양청마루2차상가,그 밖의 대규모점포,187954.1896,445124.1316
영업/정상,서울특별시 양천구 목동 919번지 7호,홈플러스(주)목동점,쇼핑센터,188729.1905,447572.61
영업/정상,서울특별시 양천구 신정동 201번지 1호 세양청마루2차 지상1층,(주)지에스리테일 신정2점,구분없음,187954.1896,445124.1316
영업/정상,서울특별시 양천구 목3동 657번지 21호,홈플러스(주)익스프레스 목동2점,구분없음,187788.8226,449204.6352
영업/정상,서울특별시 양천구 목5동 903번지 목동3단지아파트 관리동상가 105호,롯데슈퍼 목동2점,구분없음,188700.8512,448020.091
영업/정상,서울특별시 양천구 신정7동 324번지 10호 굿모닝탑  103~108호,홈플러스(주)익스프레스 신정3점,구분없음,187619.9931,445879.0549
영업/정상,서울특별시 양천구 목3동 960번지,신한이모르젠상가,그 밖의 대규모점포,187955.1215,449649.0162
영업/정상,"서울특별시 양천구 목2동 513번지 ,514,514,526,527,528,530번지일대",목2동시장상인회,시장,188635.2309,449396.8064
영업/정상,"서울특별시 양천구 목4동 727번지 ,736,726,738,725,739,724,723일대",목4동시장상인회,시장,,
영업/정상,"서울특별시 양천구 신월2동 446번지 ,447,484,463, 신월4동427,428번지일대",경창시장상인회,시장,,
영업/정상,"서울특별시 양천구 목3동 602번지 ,610~618번지일대",목3동시장상인회,시장,,
영업/정상,"서울특별시 양천구 신월1동 105번지 ,106,113,114,115,118,119일대",신영시장상인회,시장,,
영업/정상,서울특별시 양천구 목1동 962번지 1호 목동트라팰리스 내,(주)이마트 목동점,대형마트,188551.2991,447076.2881
휴업,서울특별시 강서구 과해동 272호   ,신세계이마트(공항점),대형마트,,
영업/정상,서울특별시 양천구 목동 966번지 목동에버하임,목동에버하임,그 밖의 대규모점포,,
영업/정상,서울특별시 양천구 신정동 995-2,(주)이마트에브리데이 목동역점,구분없음,187929.3951,446964.6091
휴업,서울특별시 양천구 목동 960호   ,신한이모르젠상가,그 밖의 대규모점포,187955.1215,449649.0162
폐업,,(주)이마트SSG목동점,그 밖의 대규모점포,189062,446850
폐업,서울특별시 양천구 신정1동 1022번지 9호,롯데쇼핑(주)롯데슈퍼 신목동점,,187523.5743,446408.6334
폐업,서울특별시 양천구 신정4동 899번지 7호,롯데쇼핑(주)롯데슈퍼목동점,구분없음,187889.3186,447351.6066
폐업,서울특별시 양천구 신정4동 991번지 5호,롯데쇼핑(주)롯데슈퍼신정점,구분없음,187769.9571,447053.9073
폐업,서울특별시 양천구 목동 919번지 7호,(주)이랜드리테일,쇼핑센터,188729.1905,447572.61
폐업,"서울특별시 양천구 목1동 926번지 9261호 목동트라팰리스 내(지하1,2층)",신세계 이마트 목동점,대형마트,,
폐업,서울특별시 양천구 목1동 962번지 1호  목동트라팰리스 내,(주)신세계이마트 목동점,대형마트,188551.2991,447076.2881
영업/정상,서울특별시 양천구 목동 966번지 목동에버하임,목동에버하임,그 밖의 대규모점포,,
영업/정상,서울특별시 강서구 가양동 54번지 5호,노브랜드 강서가양점,구분없음,186374.4637,451431.2511
영업/정상,서울특별시 강서구 마곡동 759번지 마곡센트럴타워Ⅱ,이마트에브리데이 마곡점,구분없음,184498,451786
영업/정상,서울특별시 강서구 마곡동 776번지 2호 마곡센트럴대방디엠시티오피스텔,롯데쇼핑㈜ 마켓999 양천향교역가맹점,구분없음,185798,451778
영업/정상,서울특별시 강서구 가양동 1458번지 9호 동남빌딩,㈜이마트에브리데이 양천향교역점,구분없음,186080.902,451971.1787
영업/정상,서울특별시 강서구 마곡동 768번지 2호 동익드미라벨복합빌딩,노브랜드 강서마곡점,구분없음,184386,451226
영업/정상,,(주)이마트에브리데이 화곡동점,그 밖의 대규모점포,186456.1877,449645.4519
영업/정상,서울특별시 강서구 화곡3동 1051번지 27호,롯데쇼핑(주)롯데슈퍼화곡3동점,그 밖의 대규모점포,185731.0512,448913.7609
휴업,서울특별시 강서구 방화동 620호   ,(주)공항시장,그 밖의 대규모점포,,
영업/정상,서울특별시 강서구 화곡3동 1065번지 8호,홈플러스(주) 익스프레스 화곡점,그 밖의 대규모점포,185681.1227,448813.4416
영업/정상,서울특별시 강서구 방화동 620호,(주)공항시장,시장,,
영업/정상,서울특별시 강서구 등촌동 639번지 11호,홈플러스(주) 강서점,대형마트,187119.9482,450691.5932
폐업,서울특별시 강서구 가양동 449번지 19  호,(주)이마트 가양점,대형마트,187761.1943,450640.2145
영업/정상,서울특별시 강서구 화곡4동 830번지 1호,씨에스유통 (롯데슈퍼화곡2점),그 밖의 대규모점포,187464.4032,447877.7107
영업/정상,서울특별시 강서구 방화동 567번지 4호,삼정프라자,그 밖의 대규모점포,183315.5567,452204.1655
영업/정상,서울특별시 강서구 화곡1동 1071번지 19호,강서 뉴타워,그 밖의 대규모점포,185384.3227,448552.1247
영업/정상,서울특별시 강서구 염창동 249번지 8호 1층,(주)지에스리테일 염창점,그 밖의 대규모점포,188680.483,449829.6943
취소/말소/만료/정지/중지,서울특별시 영등포구 당산동 9번지 13호,에쉐르아이시네마쇼핑몰,쇼핑센터,,
영업/정상,서울특별시 강서구 가양동 18번지 24호,홈플러스(주) 가양점,대형마트,186687.1318,451342.7735
영업/정상,서울특별시 강서구 내발산동 719번지 6호,송화시장,그 밖의 대규모점포,185431.0666,449714.8138
영업/정상,서울특별시 강서구 염창동 264번지 18호,스페이스프라자,그 밖의 대규모점포,188692.0332,449699.8326
영업/정상,서울특별시 강서구 화곡동 970번지 2호,홈플러스익스프레스 화곡2점,그 밖의 대규모점포,186614.4313,449481.2536
폐업,서울특별시 강서구 화곡동 370번지 76호,화곡중앙시장,시장,185745.7326,448140.2927
휴업,서울특별시 강서구 방화동 567번지 4호   ,방신종합시장 재건축조합,그 밖의 대규모점포,183315.5567,452204.1655
휴업,서울특별시 강서구 가양동 18번지 24호   ,(주)이랜드리테일홈에버가양점,쇼핑센터,186687.1318,451342.7735
폐업,서울특별시 강서구 염창동 267번지 22호,롯데쇼핑(주)롯데슈퍼 염창2점,그 밖의 대규모점포,188320.2721,449937.29
폐업,,(주)에브리데이리테일 발산동점,그 밖의 대규모점포,185508.9952,450225.1758
폐업,서울특별시 강서구 방화2동 589번지 21호,GS수퍼마켓 강서방화점,그 밖의 대규모점포,183124.2982,451762.9492
폐업,서울특별시 강서구 염창동 75번지 8호,롯데쇼핑(주)롯데슈퍼 염창점,그 밖의 대규모점포,188564.4281,450381.6733
폐업,서울특별시 강서구 등촌동 678번지 14호,그랜드백화점(주)마트강서점,대형마트,185732.4244,450884.5288
폐업,서울특별시 강서구 방화동 712번지 1호,테크노스카이시티,그 밖의 대규모점포,182735.7869,451591.6108
폐업,서울특별시 강서구 등촌동 685번지,대지종합유통물류시장,그 밖의 대규모점포,185994.9641,451596.4585
폐업,서울특별시 강서구 과해동 676번지,(주)이마트 공항점,대형마트,182141.2055,451078.4799
폐업,서울특별시 강서구 등촌동 73번지 1호 외 3필지,아름다운아울렛,전문점,186966.0362,451047.2873
영업/정상,서울특별시 구로구 고척동 269번지 1   호   ,개봉프라자,그 밖의 대규모점포,,
영업/정상,서울특별시 구로구 구로동 614번지 33  호   ,라이프공구종합상가,그 밖의 대규모점포,,
영업/정상,서울특별시 구로구 고척동 50번지 48  호   ,고척시장,그 밖의 대규모점포,,
영업/정상,서울특별시 구로구 구로동 169번지 2   호   ,배영설비(주),그 밖의 대규모점포,,
영업/정상,서울특별시 구로구 고척동 103번지 4호,고척산업용품상가,그 밖의 대규모점포,187619.597,444186.9231
영업/정상,서울특별시 구로구 구로동 685번지 140호   ,사모아종합상가,그 밖의 대규모점포,189052.1018,443748.2793
영업/정상,서울특별시 구로구 구로동 604번지 1   호   ,서울구로기계공구상가,그 밖의 대규모점포,,
영업/정상,서울특별시 구로구 구로동 636번지 62  호   ,공구상가일번지,그 밖의 대규모점포,,
영업/정상,서울특별시 구로구 고척동 73번지 3   호,일이삼전자타운,그 밖의 대규모점포,187826.6982,443925.5247
영업/정상,서울특별시 구로구 오류동 47번지 1호,삼익쇼핑센타,쇼핑센터,186015.7384,443657.6143
영업/정상,,(주)이마트 여의도점,대형마트,193393.0966,446218.4438
영업/정상,서울특별시 구로구 구로동 1258번지,중앙유통단지,그 밖의 대규모점포,188840.5159,444306.7711
영업/정상,서울특별시 구로구 신도림동 337번지 신도림1차푸르지오,홈플러스(주) 신도림점,대형마트,190005.1325,445250.5389
영업/정상,서울특별시 구로구 구로동 604번지 1호,서울구로기계공구상가,그 밖의 대규모점포,189277.7617,444671.5517
영업/정상,서울특별시 구로구 구로동 614번지 33호,라이프공구상가,그 밖의 대규모점포,188907.9661,444898.3676
영업/정상,서울특별시 구로구 고척동 103번지 4호,고척산업용품상가,복합쇼핑몰,187619.597,444186.9231
영업/정상,서울특별시 구로구 고척동 269번지 1호,개봉프라자,시장,186769.6169,444433.2216
영업/정상,서울특별시 구로구 고척동 50번지 48호,고척스카이프라자,그 밖의 대규모점포,187798.8693,444629.7048
영업/정상,서울특별시 구로구 개봉동 361번지 1호,개봉제일시장,그 밖의 대규모점포,186968.2885,442651.9078
영업/정상,서울특별시 구로구 구로동 3번지 25호 외 31필지,(주) 이마트 신도림점,대형마트,190232.5245,444978.6827
영업/정상,서울특별시 구로구 구로동 501번지,나인스에비뉴,그 밖의 대규모점포,189682.7994,444193.86
영업/정상,서울특별시 구로구 구로동 685번지 140호,사모아종합상가,그 밖의 대규모점포,189052.1018,443748.2793
영업/정상,서울특별시 구로구 구로동 3번지 25호 외 31필지,신도림 테크노마트,그 밖의 대규모점포,190232.5245,444978.6827
영업/정상,서울특별시 관악구 신림동 1426번지 7호,가야쇼핑,시장,193750.8259,442753.2193
영업/정상,서울특별시 구로구 구로동 188번지 26호,(주)이마트 구로점,대형마트,190901.9779,442466.8134
영업/정상,서울특별시 구로구 개봉1동 156번지 18호 외 1필지 대림프라자 101호,홈플러스 익스프레스 개봉점,구분없음,187158.4438,443952.5619
영업/정상,"서울특별시 구로구 구로1동 650번지 4호 SK허브수 제B동 제118호,제119호,제121호~126호",홈플러스 익스프레스 서울구로점,구분없음,188674.9951,443749.503
영업/정상,서울특별시 구로구 구로동 736번지 1   호   ,구로시장,그 밖의 대규모점포,,
영업/정상,서울특별시 구로구 오류동 38번지 7   호   ,오류시장,그 밖의 대규모점포,,
영업/정상,서울특별시 구로구 신도림동 692번지,주식회사 현대백화점 디큐브시티,백화점,190107.0454,445157.6264
영업/정상,"서울특별시 구로구 개봉동 324-1, 324-11,324-13  1층",(주)이마트에브리데이 개봉동점,구분없음,187009.8043,443302.6078
영업/정상,서울특별시 구로구 오류2동 160번지  외 2필지,홈플러스 익스프레스 서울오류점,구분없음,185756.1749,443268.099
영업/정상,서울특별시 구로구 고척동 83번지 6호,동국종합상가,그 밖의 대규모점포,187718.8012,444056.9968
영업/정상,서울특별시 구로구 구로동 636번지 62호,공구상가일번지,그 밖의 대규모점포,189134.1545,444274.7299
영업/정상,서울특별시 구로구 고척동 73번지 3호,일이삼전자타운,그 밖의 대규모점포,187826.6982,443925.5247
휴업,서울특별시 구로구 구로동 573호   ,애경백화점,백화점,189570.3609,444336.0513
휴업,서울특별시 구로구 고척동 83번지 6호   ,동국종합상가,그 밖의 대규모점포,187718.8012,444056.9968
휴업,서울특별시 구로구 구로동 636번지 89호   ,롯데마트 구로점,대형마트,188669.4844,444010.7384
휴업,서울특별시 구로구 구로동 636번지 89호   ,롯데마트 구로점,대형마트,188669.4844,444010.7384
휴업,서울특별시 구로구 구로동 636번지 89호   ,비엔큐홈(구로점),대형마트,188669.4844,444010.7384
휴업,서울특별시 구로구 고척동 75번지 1호   ,일이삼전자타운,그 밖의 대규모점포,187756.9195,443962.8327
휴업,서울특별시 구로구 오류동 47번지 1   호,삼익쇼핑센터,쇼핑센터,186015.7384,443657.6143
휴업,서울특별시 구로구 구로동 1258호   ,중앙유통단지,그 밖의 대규모점포,188840.5159,444306.7711
휴업,서울특별시 구로구 구로동 188번지 26호   ,(주)신세계이마트구로점,대형마트,190901.9779,442466.8134
휴업,서울특별시 구로구 구로동 188번지 26호   ,(주)신세계이마트구로점,대형마트,190901.9779,442466.8134
휴업,서울특별시 구로구 고척동 76번지 41호   ,이천일아울렛구로점,그 밖의 대규모점포,187785.8405,443997.1359
폐업,서울특별시 구로구 구로동 636번지 89호,롯데쇼핑(주) 롯데마트 구로점,대형마트,188669.4844,444010.7384
폐업,서울특별시 구로구 구로동 636번지 89호 롯데마트 지하1층,롯데쇼핑(주) TRU구로점,전문점,188669.4844,444010.7384
폐업,서울특별시 구로구 구로동 573번지,AK PLAZA,백화점,189570.3609,444336.0513
영업/정상,서울특별시 구로구 고척동 100-7,고척아이파크쇼핑센터,쇼핑센터,,
영업/정상,서울특별시 구로구 구로동 188번지 26  호   ,이마트구로점,대형마트,,
영업/정상,서울특별시 금천구 독산동 1156번지 금천롯데캐슬골드파크4차,롯데캐슬 골드파크 4차 마르쉐도르 960,그 밖의 대규모점포,,
영업/정상,서울특별시 금천구 시흥동 1002번지 1호   ,럭키남서울상가,그 밖의 대규모점포,191026.6372,438701.2056
영업/정상,서울특별시 금천구 시흥동 966호,시흥중앙철재상가,그 밖의 대규모점포,191390.7851,437280.5742
영업/정상,서울특별시 금천구 시흥동 984번지 6호   ,시흥산업용재유통센타,그 밖의 대규모점포,191384.6063,437986.9408
영업/정상,서울특별시 금천구 독산동 293번지 5호   ,유창상가,그 밖의 대규모점포,190771.5956,440515.669
영업/정상,서울특별시 금천구 시흥동 884번지 5호   ,대명합동시장,그 밖의 대규모점포,191262.6214,439137.9921
영업/정상,서울특별시 금천구 독산동 291번지 7호,홈플러스(주) 금천점,대형마트,190809.5078,440728.3823
영업/정상,서울특별시 금천구 가산동 60번지 22호,마리오아울렛 1관,쇼핑센터,189943.2343,441784.2475
영업/정상,서울특별시 금천구 가산동 60번지 19호,롯데쇼핑(주) 아울렛 가산점,쇼핑센터,189722.1785,441920.9728
영업/정상,서울특별시 금천구 독산동 1150번지 금천롯데캐슬골드파크2차,롯데캐슬 골드파크 2차 마르쉐도르,그 밖의 대규모점포,190567.4183,439569.4015
영업/정상,서울특별시 금천구 독산동 291번지 5호,시티렉스,쇼핑센터,190858.6495,440808.5413
영업/정상,서울특별시 금천구 독산동 957번지,푸른터시장,그 밖의 대규모점포,191210.5177,441768.8339
영업/정상,서울특별시 금천구 시흥동 984번지,시흥산업용재유통센터,그 밖의 대규모점포,191226.2874,437914.063
영업/정상,서울특별시 금천구 시흥동 992번지 47호,홈플러스 시흥점,대형마트,191152.4326,438865.1607
영업/정상,,홈플러스(주)익스프레스 가산점,구분없음,190527.9185,441484.8659
영업/정상,서울특별시 금천구 가산동 60번지 20호,마리오아울렛 3관,쇼핑센터,189759.7131,441814.1159
휴업,서울특별시 금천구 시흥동 992번지 47호 외 1  ,(주)이랜드리테일 홈에버 시흥점,대형마트,191152.4326,438865.1607
휴업,서울특별시 금천구 독산동 988번지 7호 외 27  ,남문시장,그 밖의 대규모점포,191127.424,441203.92
휴업,서울특별시 금천구 시흥동 879호 외 87필지  ,현대시장,그 밖의 대규모점포,191224.6074,439247.719
폐업,서울특별시 금천구 시흥동 956호,박미종합시장,그 밖의 대규모점포,191497.5905,437562.2424
폐업,서울특별시 금천구 시흥동 831번지 6호,플라자 카멜리아,그 밖의 대규모점포,191823.0268,438834.3781
폐업,서울특별시 금천구 독산1동 145번지 8호,롯데쇼핑(주)롯데슈퍼독산점,구분없음,190901.4814,441536.3915
영업/정상,서울특별시 금천구 가산동 60번지 27호,(주)원신더블유몰,쇼핑센터,189997.4557,441687.8412
영업/정상,서울특별시 금천구 가산동 60번지 8호,현대아울렛,쇼핑센터,190119.4634,441716.6846
폐업,,홈플러스(주)익스프레스 독산점,구분없음,191290.5824,440402.0401
폐업,서울특별시 금천구 시흥5동 912번지 20호,롯데쇼핑(주)롯데슈퍼 시흥점,구분없음,191917.4501,438699.7746
영업/정상,서울특별시 금천구 시흥동 831번지 6호   ,시흥중앙시장,그 밖의 대규모점포,191823.0268,438834.3781
영업/정상,서울특별시 금천구 독산동 291번지 7호   ,삼성테스코(주)홈플러스 금천점,대형마트,190809.5078,440728.3823
영업/정상,서울특별시 금천구 독산동 291번지 7호   ,삼성테스코(주)홈플러스 금천점,대형마트,190809.5078,440728.3823
영업/정상,서울특별시 영등포구 문래동3가 55번지 3호,홈플러스(주) 영등포점,대형마트,190729.5065,446227.075
영업/정상,서울특별시 영등포구 문래동3가 55호,로데오 왁,전문점,190644.1207,446104.9252
영업/정상,서울특별시 영등포구 양평동3가 65호,코스트코 홀세일,대형마트,190408.5091,447298.0222
영업/정상,서울특별시 영등포구 영등포동5가 18번지 1호,영신상가,그 밖의 대규모점포,191691.1679,446411.0071
영업/정상,서울특별시 영등포구 양평동3가 65호   ,코스트코홀세일,그 밖의 대규모점포,190408.5091,447298.0222
영업/정상,서울특별시 영등포구 영등포동5가 20호   ,영등포지하상가,그 밖의 대규모점포,,
영업/정상,서울특별시 영등포구 여의도동 42번지 1   호   ,한화스토아여의점,그 밖의 대규모점포,,
영업/정상,서울특별시 영등포구 당산동3가 2번지 7 호   ,홍익상가,그 밖의 대규모점포,,
영업/정상,서울특별시 영등포구 도림동 176호   ,도림시장,그 밖의 대규모점포,,
영업/정상,서울특별시 영등포구 양평동1가 30호   ,양남시장,그 밖의 대규모점포,190307.5283,446742.5563
영업/정상,서울특별시 영등포구 신길동 259호   ,신동시장,그 밖의 대규모점포,,
영업/정상,서울특별시 영등포구 신길동 116번지 15호   ,대신시장,그 밖의 대규모점포,192643.7024,445431.5209
영업/정상,서울특별시 영등포구 대림동 963호   ,대림시장,그 밖의 대규모점포,,
영업/정상,서울특별시 영등포구 대림동 717호   ,두암종합시장,그 밖의 대규모점포,190916.9114,443681.7667
영업/정상,서울특별시 영등포구 당산동1가 9번지 1   호   ,영등포농축수산물쎈타,그 밖의 대규모점포,,
영업/정상,서울특별시 영등포구 영등포동5가 20호   ,영등포역앞지하상가,그 밖의 대규모점포,,
영업/정상,서울특별시 영등포구 영등포동5가 20호   ,영등포로타리지하상가,그 밖의 대규모점포,,
영업/정상,서울특별시 영등포구 영등포동5가 20호   ,삼구시장,그 밖의 대규모점포,,
영업/정상,서울특별시 영등포구 영등포동5가 24호   ,동남시장,그 밖의 대규모점포,191590.8783,446489.4195
영업/정상,서울특별시 영등포구 문래동3가 16호   ,영일시장,그 밖의 대규모점포,,
영업/정상,서울특별시 영등포구 당산동2가 30번지 2호,영등포유통관리(주),그 밖의 대규모점포,190555.769,446698.8143
영업/정상,서울특별시 영등포구 문래동3가 55-16 영등포 SK 리더스뷰,룩스쇼핑센터,전문점,191087.759,446157.4373
영업/정상,서울특별시 영등포구 여의도동 47번지 여의도자이(아) 지하 1층,신세계 이마트 여의도점,대형마트,193393.0966,446218.4438
영업/정상,서울특별시 영등포구 영등포동4가 441번지 10호 타임스퀘어,타임스퀘어,쇼핑센터,191385.0574,446098.5559
영업/정상,서울특별시 영등포구 대림3동 784번지,롯데슈퍼 대림점,구분없음,190721.4179,444571.7693
영업/정상,,홈플러스(주) 익스프레스 신길점,구분없음,192275.2997,443891.0734
영업/정상,서울특별시 영등포구 여의도동 23번지,아이에프씨몰(IFC Mall),복합쇼핑몰,193326.931,446973.9146
영업/정상,서울특별시 영등포구 대림동 717 대림동 쌍용 플래티넘-S,두암상가,그 밖의 대규모점포,190916.9114,443681.7667
영업/정상,서울특별시 영등포구 대림1동 909번지 2호,썬프라자,쇼핑센터,191800.7282,443809.7739
영업/정상,서울특별시 영등포구 도림동 251번지 5호,홈플러스(주) 익스프레스 도림점,구분없음,191157.1393,444953.0052
영업/정상,서울특별시 영등포구 신길3동 259번지 4호,홈플러스(주) 익스프레스 신길3점,구분없음,191936.2544,444885.1687
영업/정상,서울특별시 영등포구 신길동 101번지 7호,홈플러스(주) 익스프레스 신길2점,구분없음,192712.7693,445770.103
영업/정상,서울특별시 영등포구 여의도동 22번지,THE HYUNDAI SEOUL,백화점,193592.0004,447092.6294
영업/정상,서울특별시 영등포구 양평동1가 247 영등포 중흥 S-CLASS,영등포 중흥 에스클래스,그 밖의 대규모점포,189877.0323,446801.7823
휴업,서울특별시 영등포구 여의도동 60호   ,63씨티,그 밖의 대규모점포,194632.5264,446401.9265
휴업,서울특별시 영등포구 여의도동 20호   ,(주)LG,그 밖의 대규모점포,193674.7437,447296.2263
폐업,서울특별시 영등포구 신길동 2363번지 메트하임,메트하임,그 밖의 대규모점포,192558.2718,444233.8189
폐업,서울특별시 영등포구 당산동3가 2번지 7호,코레일유통주식회사,그 밖의 대규모점포,191272.121,447064.8858
폐업,서울특별시 영등포구 신길동 254번지 1호,(주)사러가,그 밖의 대규모점포,192041.0328,444884.8043
폐업,서울특별시 영등포구 신길동 255번지 9   호,(주)신영사러가,그 밖의 대규모점포,191994.5051,444933.1587
폐업,서울특별시 영등포구 양평동1가 247호,영등포기계상가,그 밖의 대규모점포,189877.0323,446801.7823
폐업,서울특별시 영등포구 대림1동 909번지 2호,롯데슈퍼 썬프라자점,구분없음,191800.7282,443809.7739
폐업,서울특별시 영등포구 양평동2가 29번지 23호,홈플러스(주) 익스프레스 양평점,대형마트,189785.7525,446796.8821
취소/말소/만료/정지/중지,서울특별시 영등포구 영등포동3가 7호,영등포 점프밀라노,쇼핑센터,191580.6464,446320.7183
영업/정상,서울특별시 동작구 대방동 501번지,대림쇼핑타운,시장,193273.484,445011.2501
영업/정상,서울특별시 동작구 흑석동 332번지,해가든프라자,그 밖의 대규모점포,196587.0306,444939.4554
영업/정상,서울특별시 동작구 상도4동 255번지 4호,홈플러스(주) 익스프레스 상도점,구분없음,194064.9941,444089.8383
영업/정상,서울특별시 동작구 사당3동 252번지 22호,홈플러스(주) 익스프레스 남성점,복합쇼핑몰,197507.8344,442470.9296
영업/정상,서울특별시 동작구 상도동 324번지 1호,성대종합시장,그 밖의 대규모점포,193896.3848,444196.4848
영업/정상,서울특별시 동작구 대방동 335번지 17호,(주)이마트에브리데이 대방동점,복합쇼핑몰,193699.1899,444190.8446
영업/정상,서울특별시 동작구 사당동 147번지 29호 이수자이,(주)이마트 이수점,복합쇼핑몰,198202.4725,442471.241
영업/정상,서울특별시 동작구 상도동 527번지,(주)이마트에브리데이 상도동점,그 밖의 대규모점포,194963.2747,444866.8456
영업/정상,"서울특별시 동작구 사당동 105번지 신동아상가 제1층 101~105, 110호",(주)이마트에브리데이 사당동점,그 밖의 대규모점포,197802.0549,443049.4715
영업/정상,서울특별시 동작구 대방동 341번지 2호,(주)홈플러스 대방점,그 밖의 대규모점포,193393.3064,445577.5132
영업/정상,서울특별시 동작구 상도2동 414번지,홈플러스 익스프레스 상도2점,구분없음,195489.4234,444995.6756
영업/정상,서울특별시 동작구 상도동 530번지,홈플러스 익스프레스 상도3점,구분없음,194941.0306,443848.079
영업/정상,서울특별시 동작구 상도동 531번지 상가2동 지상1층 101~105호,(주)지에스리테일 상도 엠코타운점,구분없음,195585.914,443690.5954
영업/정상,,롯대슈펴 신대방점,그 밖의 대규모점포,192170.1558,443599.419
휴업,서울특별시 동작구 신대방동 565호   ,신대방우성상가,그 밖의 대규모점포,192113.2006,443344.3735
휴업,서울특별시 동작구 노량진동 16번지 0001호   ,서울노량진종합시장,그 밖의 대규모점포,194571.1524,445790.5499
휴업,서울특별시 동작구 노량진동 13번지 0008호   ,서울노량진종합시장,그 밖의 대규모점포,194807.8453,445901.4134
휴업,서울특별시 동작구 사당동 136-1 태평백화점,태평백화점,백화점,198303.5271,442742.4229
폐업,서울특별시 동작구 상도동 188번지 14호,롯데쇼핑(주) 롯데슈퍼 상도3동점,복합쇼핑몰,194250.71,444556.4252
폐업,서울특별시 동작구 사당동 105번지 우성아파트3단지  제비101호,(주)지에스리테일 GS수퍼 사당점,구분없음,197802.0549,443049.4715
폐업,서울특별시 동작구 사당1동 1042번지 19호,롯데쇼핑(주)롯데슈퍼 사당점,그 밖의 대규모점포,198259.0425,441696.1456
폐업,서울특별시 동작구 사당동 136번지 1호,(주) GS리테일 GS수퍼 사당태평점,구분없음,198303.5271,442742.4229
영업/정상,,신림중앙시장,시장,192096.3496,442339.2136
영업/정상,서울특별시 관악구 대학동 1523번지,일성트루엘상가,그 밖의 대규모점포,194203.8252,441229.9292
영업/정상,,우림시장,그 밖의 대규모점포,192893.3475,440903.8196
영업/정상,서울특별시 관악구 봉천동 10번지 4호 외14필지,관악쇼핑,그 밖의 대규모점포,196338,442951
영업/정상,서울특별시 관악구 봉천동 1638번지 20호,원당종합시장,그 밖의 대규모점포,196912.8336,441358.8932
영업/정상,서울특별시 관악구 중앙동 463번지 4호 메카플러스 지하1층,홈플러스 익스프레스 봉천점,구분없음,195274.3433,442663.4986
영업/정상,서울특별시 관악구 은천동 937번지 6호 동영빌딩 1층,(주)이마트에브리데이 봉천동점,대형마트,194770.4174,442676.8314
영업/정상,서울특별시 관악구 미성동 607번지 73호,(주)천성세이브마트,그 밖의 대규모점포,192674.8859,441352.7435
영업/정상,서울특별시 관악구 남현동 산 69번지 51호,홈플러스 서울남현점,대형마트,198449.0022,441337.859
영업/정상,서울특별시 관악구 서원동 1641번지 2호,타임스트림,복합쇼핑몰,193754.4274,442407.2012
영업/정상,서울특별시 관악구 봉천동 1567번지 1호,(주)지에스리테일 관악점,구분없음,195431.4654,441896.3029
영업/정상,서울특별시 관악구 봉천동 1629번지 2호,(주)지에스리테일 낙성대점,구분없음,196501.1598,441640.881
영업/정상,서울특별시 관악구 봉천동 951번지 25호   ,봉일시장,그 밖의 대규모점포,194486.2705,442632.4695
영업/정상,서울특별시 관악구 봉천동 951번지 25호   ,봉일시장,그 밖의 대규모점포,194486.2705,442632.4695
영업/정상,서울특별시 관악구 봉천동 502번지 4호,봉천현대시장,시장,195206.0569,442716.3017
영업/정상,서울특별시 관악구 봉천동 31번지 1호,관악프라자,쇼핑센터,195963.3353,442381.536
영업/정상,서울특별시 관악구 봉천동 1000호,관악현대상가,그 밖의 대규모점포,196257.8337,443341.3794
영업/정상,서울특별시 관악구 신림동 1694호,신림현대종합상가,시장,193957.9443,441437.7749
영업/정상,,하이브랜드,그 밖의 대규모점포,203204.7556,440136.7812
영업/정상,서울특별시 관악구 신림동 1422번지 5호,르네상스쇼핑몰(주),복합쇼핑몰,193746.8338,442510.7751
영업/정상,서울특별시 관악구 봉천동 862번지 1호,라붐아울렛,복합쇼핑몰,195703.0437,442094.0858
영업/정상,   호   ,관악종합시장,그 밖의 대규모점포,,
휴업,서울특별시 관악구 신림동 1422번지 5호   ,르네상스쇼핑몰(주),쇼핑센터,193746.8338,442510.7751
휴업,서울특별시 관악구 신림동 1422번지 5호   ,르네상스쇼핑몰(주),쇼핑센터,193746.8338,442510.7751
휴업,서울특별시 관악구 신림동 1602번지 2호   ,관악종합시장,그 밖의 대규모점포,193580.3665,442144.6708
폐업,서울특별시 관악구 대학동 240번지 4호,홈플러스 익스프레스 신림점,구분없음,194457.493,440910.5639
폐업,서울특별시 관악구 남현동 1078번지 2호,롯데쇼핑(주)롯데슈퍼 남현2점,구분없음,197790.0798,441231.5919
영업/정상,서울특별시 서초구 방배본동 755번지 5호,롯데쇼핑(주)롯데슈퍼 방배점,전문점,198660.6163,443855.5734
영업/정상,서울특별시 서초구 반포동 1141번지,엘루체,그 밖의 대규모점포,198791.788,444392.6725
영업/정상,서울특별시 서초구 서초2동 1332번지 2호,무지개쇼핑,그 밖의 대규모점포,202216.05,443352.0246
영업/정상,서울특별시 서초구 방배1동 816번지 1호,롯데슈퍼 방배2점,대형마트,198984.3648,443229.8359
영업/정상,,국제전자도매센타,전문점,201501.6727,442505.5731
영업/정상,,반포프라자,그 밖의 대규모점포,198776.1135,444432.3252
영업/정상,,신동아종합상가,그 밖의 대규모점포,202250.1452,443143.7846
영업/정상,,방배종합시장,그 밖의 대규모점포,198492.7972,442199.2683
영업/정상,,신반포종합시장,그 밖의 대규모점포,199448.513,444800.5508
영업/정상,,신사쇼핑,그 밖의 대규모점포,201230.6934,445992.4593
영업/정상,,대림서초리시온,그 밖의 대규모점포,201295.7,443474.5249
영업/정상,,아크로비스타 아케이드,그 밖의 대규모점포,201107.6347,443999.0671
영업/정상,,교보타워 지하아케이드,전문점,202058.6747,444618.1673
영업/정상,,이수시장,그 밖의 대규모점포,198984.3648,443229.8359
영업/정상,,코스트코코리아,대형마트,203123.8704,439984.8475
영업/정상,,반포프라자,그 밖의 대규모점포,198776.1135,444432.3252
영업/정상,서울특별시 서초구 서초동 1335번지,무지개종합상가,그 밖의 대규모점포,202245.3779,442987.987
영업/정상,서울특별시 서초구 반포동 19번지 4   호,터미널상가,그 밖의 대규모점포,200554.744,444811.3648
영업/정상,서울특별시 서초구 양재동 215호 하이브랜드 지하1층,(주)이마트 양재점,대형마트,203204.7556,440136.7812
영업/정상,,대림상가,그 밖의 대규모점포,,
영업/정상,,서초쇼핑,그 밖의 대규모점포,201472.6689,444193.267
영업/정상,,한양스토아,그 밖의 대규모점포,201160.0456,444426.5643
폐업,서울특별시 서초구 반포1동 705번지,홈플러스(주) 익스프레스 서울논현역점,복합쇼핑몰,201658.7652,445341.7495
폐업,서울특별시 서초구 잠원동 60번지 3호,매일종합상가,그 밖의 대규모점포,201024.4814,445492.3342
폐업,,진흥종합상가,그 밖의 대규모점포,201952.3098,443904.4617
폐업,서울특별시 서초구 방배동 950번지 1호,홈플러스익스프레스 방배점,복합쇼핑몰,198709.207,442599.2342
영업/정상,서울특별시 강남구 논현동 164번지 5호 외 3필지,삐에로쇼핑 강남논현점,구분없음,201994.292,445091.8767
영업/정상,서울특별시 강남구 도곡동 518-8 유진빌딩,홈플러스익스프레스 도곡2점,구분없음,203764.7866,442286.2292
영업/정상,서울특별시 강남구 압구정동 454호,신사상가,그 밖의 대규모점포,202440.3389,447782.5132
영업/정상,서울특별시 강남구 압구정동 515호,갤러리아백화점(동관),백화점,203604.7617,447316.2228
영업/정상,서울특별시 강남구 청담동 134번지 20호,청담삼익시장,그 밖의 대규모점포,205034.1584,446675.9324
영업/정상,서울특별시 강남구 대치동 500호,그랑프리,그 밖의 대규모점포,204992.4516,443183.5761
영업/정상,서울특별시 강남구 대치동 626호,청실종합상가,그 밖의 대규모점포,205154.6381,443439.9816
영업/정상,서울특별시 강남구 대치동 977번지 12  호,대치종합상가,그 밖의 대규모점포,205558.1599,444312.0789
영업/정상,서울특별시 강남구 개포동 12호,대치1단지상가,그 밖의 대규모점포,206581.7871,443555.9912
영업/정상,서울특별시 강남구 개포동 12호,대치2단지상가,그 밖의 대규모점포,206581.7871,443555.9912
영업/정상,,도심공항몰(CALT MALL),쇼핑센터,205170.9597,445264.9363
영업/정상,,점프밀라노,그 밖의 대규모점포,202296.996,444335.0137
영업/정상,,노브랜드 삼성점,구분없음,204447.069,446008.5428
영업/정상,서울특별시 강남구 삼성1동 159번지 8호 그랜드인터콘티넨탈호텔(지하1층),파르나스몰(PARNAS MALL),쇼핑센터,205314.1599,445204.7093
영업/정상,서울특별시 강남구 삼성동 159호,코엑스 호텔아케이드,쇼핑센터,205130.5917,445590.0968
영업/정상,서울특별시 강남구 삼성동 159번지 1호 외,코엑스 몰,복합쇼핑몰,205340.6311,445354.5711
영업/정상,서울특별시 강남구 압구정1동 456번지,금강상가,그 밖의 대규모점포,202485.2265,447521.5203
영업/정상,서울특별시 강남구 대치동 623번지,남서울종합시장,그 밖의 대규모점포,205209.7471,443490.8173
영업/정상,서울특별시 강남구 역삼동 755번지,(주)이마트 역삼점,대형마트,204213.6432,444113.0282
영업/정상,서울특별시 강남구 논현2동 108번지,논현웰스톤상가,그 밖의 대규모점포,203292.307,446247.5115
영업/정상,"서울특별시 강남구 도곡2동 467번지 7호 아카데미스위트 에이동B101,B102,B201",아카데미프라자,그 밖의 대규모점포,204538.1449,442942.8535
영업/정상,서울특별시 강남구 삼성2동 121번지 38호,삼성동 신도브래뉴 주상복합 상가,그 밖의 대규모점포,204652.111,445353.1744
영업/정상,서울특별시 강남구 청담동 4번지 1호 외 9필지,SSG Food Market 백화점,백화점,203789.5881,446796.1283
영업/정상,서울특별시 강남구 논현1동 140번지 외 44필지,영동전통시장,그 밖의 대규모점포,202023.3952,445302.9159
영업/정상,,동화상가(주),그 밖의 대규모점포,202010.0103,445368.1318
영업/정상,,홈플러스익스프레스 학동역점,구분없음,202599.5121,445700.2739
영업/정상,,신원아침도시마인상가,그 밖의 대규모점포,204391.4254,447439.7524
영업/정상,,롯데슈퍼 역삼2동점,구분없음,203641.0768,443854.8969
폐업,서울특별시 강남구 역삼1동 796번지 29호,역삼서해더블루,그 밖의 대규모점포,203389.5627,443422.7793
영업/정상,,롯데슈퍼 역삼1동점,구분없음,202957.2867,443437.6825
영업/정상,,롯데슈퍼 논현점,구분없음,203322.586,445590.729
영업/정상,,밀구루 삼성점,구분없음,203675.905,445926.1197
영업/정상,,롯데슈퍼 코엑스점,구분없음,205359.8987,445864.8059
영업/정상,,롯데슈퍼 도곡점,구분없음,204254.783,442744.8477
영업/정상,서울특별시 강남구 논현동 140번지,(주)지에스리테일 GS슈퍼 강남 논현점,구분없음,202023.3952,445302.9159
영업/정상,서울특별시 강남구 대치동 511번지 한보미도맨션,한보종합상가,그 밖의 대규모점포,205886.2868,443467.6118
영업/정상,서울특별시 강남구 역삼동 755번지,한솔필리아,그 밖의 대규모점포,204213.6432,444113.0282
영업/정상,서울특별시 강남구 신사동 510번지 11호,강남시장,복합쇼핑몰,201757.4941,446282.4545
영업/정상,서울특별시 강남구 논현동 227번지 4호,논현종합시장,그 밖의 대규모점포,203005.088,445311.31
영업/정상,서울특별시 강남구 논현동 105번지 7호,두산아케이드,그 밖의 대규모점포,203050.7839,446316.514
영업/정상,서울특별시 강남구 일원동 711번지 1호,수서1-2단지상가,그 밖의 대규모점포,207748.4871,443240.945
영업/정상,서울특별시 강남구 역삼동 826번지 14호   ,진솔물산,그 밖의 대규모점포,202557.0078,443648.6225
영업/정상,서울특별시 강남구 압구정동 429번지,(주)현대백화점 본점,백화점,202358.5057,447232.9557
영업/정상,서울특별시 강남구 삼성동 159번지 7호,현대백화점 무역센터점,백화점,205210.3588,445154.4223
영업/정상,서울특별시 강남구 압구정동 494호,갤러리아백화점(서관),백화점,203470.8484,447369.5799
영업/정상,서울특별시 강남구 신사동 660번지 18호,홈플러스 익스프레스 압구정점,구분없음,203191.2571,447312.9037
영업/정상,,(주)지에스리테일 신사점,구분없음,202167.013,446808.0756
휴업,서울특별시 강남구 압구정동 456호   ,금강상가,그 밖의 대규모점포,202485.2265,447521.5203
휴업,서울특별시 강남구 역삼동 755호 한솔필리아지층  ,(주)신세계마트 이마트 역삼점,대형마트,204213.6432,444113.0282
휴업,서울특별시 강남구 압구정동 456호   ,(주)현대백화점 동호스토아,백화점,202485.2265,447521.5203
휴업,"서울특별시 강남구 대치동 623,624호   ",남서울종합상가,그 밖의 대규모점포,,
휴업,서울특별시 강남구 압구정동 456호   ,(주)금강개발산업,그 밖의 대규모점포,202485.2265,447521.5203
폐업,서울특별시 강남구 청담동 122호,청담제일시장,그 밖의 대규모점포,204391.4254,447439.7524
폐업,서울특별시 강남구 삼성동 122번지 8 호,삼성종합시장,시장,204582.0998,445311.8063
폐업,서울특별시 강남구 역삼동 796번지 22  호,역삼시장,시장,204170.2781,444036.656
폐업,서울특별시 강남구 역삼동 754번지 2  호,역삼시장,그 밖의 대규모점포,204170.2781,444036.656
폐업,서울특별시 강남구 수서동 707호,수서종합상가,그 밖의 대규모점포,208789.626,443219.2586
폐업,서울특별시 강남구 역삼동 701호,서울상록회관,대형마트,203746.5376,444628.0781
폐업,서울특별시 강남구 역삼동 755번지,(주)신세계마트 이마트 역삼점,대형마트,204213.6432,444113.0282
폐업,서울특별시 강남구 청담동 4번지 1호 외 9필지,SSG Food Market 백화점,백화점,203789.5881,446796.1283
폐업,,롯데쇼핑(주)롯데슈퍼 역삼점,,,
폐업,,롯데슈퍼 압구정점,구분없음,202612.7084,446806.7335
폐업,서울특별시 강남구 논현동 122번지 8호,영동시장,그 밖의 대규모점포,202010.0103,445368.1318
폐업,서울특별시 강남구 개포동 13번지 3 호,미씨-860,그 밖의 대규모점포,206970.9193,443574.4116
폐업,서울특별시 강남구 도곡동 464호,(주)재능스스로마트,그 밖의 대규모점포,204254.783,442744.8477
폐업,,(주)지에스리테일 논현점,구분없음,203292.307,446247.5115
취소/말소/만료/정지/중지,서울특별시 강남구 일원동 647호,일원마트,그 밖의 대규모점포,207614.091,443297.0315
영업/정상,서울특별시 강남구 역삼동 676 센터필드,더 샵스 앳 센터필드 (THE SHOPS AT CENTERFIELD),그 밖의 대규모점포,203599.0628,444556.0623
영업/정상,,(주)지에스리테일 잠실파크리오점,구분없음,209995.6128,446691.346
영업/정상,,(주)지에스리테일 송파가락점,구분없음,211693.9328,443503.4279
영업/정상,서울특별시 송파구 신천동 29번지,롯데하이마트 월드타워점,전문점,209074.9008,445657.8093
영업/정상,,(주)지에스리테일 잠실점,구분없음,208187.6235,445589.7186
영업/정상,서울특별시 송파구 신천동 29번지,롯데월드몰,쇼핑센터,209074.9008,445657.8093
영업/정상,서울특별시 송파구 문정동 292번지 외 29필지,가든파이브 툴,쇼핑센터,,
영업/정상,서울특별시 송파구 마천동 140번지 2호,마천시장,그 밖의 대규모점포,213247.1961,444020.5685
영업/정상,서울특별시 송파구 잠실동 101번지 1호,프리마 쇼핑센타,그 밖의 대규모점포,206397.348,444963.2339
영업/정상,서울특별시 송파구 잠실4동 44번지 1호,홈플러스(주)익스프레스 잠실점,구분없음,208045.233,445054.4108
영업/정상,,홈플러스(주) 익스프레스 송파점,구분없음,210264.3557,444937.5802
영업/정상,서울특별시 송파구 석촌동 277번지 2호,엄마손상가,그 밖의 대규모점포,209440.7265,444369.4957
영업/정상,서울특별시 송파구 문정동 516번지,가든파이브 라이프,그 밖의 대규모점포,211053.1195,442026.9888
영업/정상,서울특별시 송파구 마천동 181호,송파쇼핑센타,그 밖의 대규모점포,213279.7811,443674.6829
영업/정상,서울특별시 송파구 잠실동 27번지 6호,잠실중앙상가,그 밖의 대규모점포,208187.6235,445589.7186
영업/정상,서울특별시 송파구 오금동 615번지  올림픽파크동부센트레빌 상가,올림픽파크동부센트레빌 상가,그 밖의 대규모점포,211217.0019,445334.1517
영업/정상,서울특별시 송파구 가락2동 140번지,쌍용프라자 상가,그 밖의 대규모점포,211259.9098,443711.7029
영업/정상,서울특별시 송파구 송파1동 121번지,한화 송파지점,그 밖의 대규모점포,210057.9121,444767.3676
영업/정상,서울특별시 송파구 신천동 7번지 12  호,홈플러스(주)잠실점,대형마트,209039.148,446007.9668
영업/정상,서울특별시 송파구 잠실3동 40번지 1호 롯데월드,롯데하이마트잠실점,전문점,208589.3633,445455.9041
영업/정상,,(주)지에스리테일 송파점,구분없음,211259.9098,443711.7029
영업/정상,,(주)지에스리테일 방이점,구분없음,210908.9845,445042.9203
영업/정상,서울특별시 송파구 방이동 89번지 11호 프라자상가,올림픽프라자상가,그 밖의 대규모점포,211619.368,445963.3849
영업/정상,서울특별시 송파구 잠실동 40호,갤러리아팰리스 아케이드,그 밖의 대규모점포,208233.927,445435.2576
영업/정상,서울특별시 송파구 거여2동 27번지 5호 B101호,홈플러스(주)익스프레스 거여점,구분없음,212800.7,443397.2619
영업/정상,서울특별시 송파구 석촌동 235번지 17호,롯데쇼핑(주)롯데슈퍼석촌점,구분없음,208675.8128,444446.0535
영업/정상,서울특별시 송파구 오금동 615번지,농협하나로마트방이역점,구분없음,211217.0019,445334.1517
영업/정상,서울특별시 송파구 가락동 88번지 2호,(주)이마트에브리데이 가락동점,구분없음,210391.462,443796.027
영업/정상,서울특별시 송파구 풍납동 163번지,홈플러스(주)익스프레스 풍납점,구분없음,210378.825,447916.0439
영업/정상,서울특별시 송파구 삼전동 9번지 제이 플레이스,홈플러스 익스프레스 삼전역점,구분없음,207875.5963,444672.586
영업/정상,서울특별시 송파구 가락동 479 헬리오시티,이마트에브리데이 송파점,구분없음,209394.2313,443951.2369
휴업,서울특별시 송파구 신천동 7번지 17호   ,주-한화유통,그 밖의 대규모점포,208730.6335,445905.0255
폐업,,(주)지에스리테일 삼전점,구분없음,208280.5349,444954.9355
폐업,,(주)지에스리테일 송파2점,구분없음,210432.7264,444603.0037
폐업,,노브랜드 문정점,구분없음,210697,441990
폐업,서울특별시 송파구 신천동 29번지,롯데면세점 월드타워점,전문점,209074.9008,445657.8093
폐업,서울특별시 송파구 오금동 1번지 11호,석우종합시장,그 밖의 대규모점포,,
폐업,서울특별시 송파구 신천동 7번지,장미종합상가,그 밖의 대규모점포,208707.0899,446299.3528
폐업,서울특별시 송파구 문정동 112호,주-화신유통,,211632.462,442617.3823
폐업,서울특별시 송파구 거여2동 37번지 3호,롯데쇼핑(주)롯데슈퍼거여점,구분없음,212769.3371,443460.3336
폐업,,(주)지에스리테일 문정점,구분없음,211350.0994,442328.4471
폐업,,홈플러스익스프레스 송파2점,구분없음,209522.4332,444926.0998
폐업,서울특별시 송파구 가락동 78호,가락동포스코주상복합상가,그 밖의 대규모점포,210758.1191,443662.9564
폐업,서울특별시 송파구 잠실동 40호,갤러리아 잠실점,그 밖의 대규모점포,208233.927,445435.2576
폐업,서울특별시 송파구 삼전동 9번지 19호,홈플러스(주)익스프레스 삼전점,구분없음,207869.0418,444656.5473
폐업,서울특별시 송파구 잠실3동,(유)잠실중앙상가,그 밖의 대규모점포,208187.6235,445589.7186
영업/정상,서울특별시 송파구 가락동 191-5,롯데프레시송파가락가맹점,구분없음,211822.1007,443697.7397
영업/정상,서울특별시 강동구 고덕동 217번지 고덕그라시움아파트(상가1동),지에스 더프레시(GS THE FRESH) 고덕그라시움점,구분없음,214293.0853,450636.6264
영업/정상,서울특별시 강동구 성내동 595번지 코오롱 2차아파트,이마트에브리데이 성내점,구분없음,210694.9893,447815.9863
영업/정상,서울특별시 강동구 성내동 428번지 2호,파크프라자 상가,그 밖의 대규모점포,211838.3543,447195.6768
영업/정상,서울특별시 강동구 천호동 454번지 1호,(주)이마트천호점,대형마트,211025.925,448495.1892
영업/정상,서울특별시 강동구 천호동 422번지 2호,천호신시장,시장,211252.7355,448823.3988
영업/정상,서울특별시 강동구 성내동 25번지 1호,이안강동주상복합상가,그 밖의 대규모점포,211238.6611,448150.5958
영업/정상,서울특별시 강동구 길동 414번지 10호,강동한신휴플러스,그 밖의 대규모점포,212081.0199,448209.1248
영업/정상,서울특별시 강동구 천호동 42번지,홈플러스 강동점,대형마트,212501.3691,449282.3104
영업/정상,서울특별시 강동구 길동 339번지 1호,동서울오네뜨상가,그 밖의 대규모점포,212624.8914,448937.8114
영업/정상,서울특별시 강동구 명일1동 312번지 99호,(주)지에스리테일 명일점,구분없음,212676.1622,449910.8816
영업/정상,서울특별시 강동구 천호동 455번지 8호,현대백화점 천호점,백화점,210931.6435,448522.0798
영업/정상,서울특별시 강동구 명일동 46번지 4 호,(주)이마트명일점,대형마트,213700.8777,450278.1009
영업/정상,,(주)이마트에브리데이 암사동점,구분없음,211970.1198,450308.5597
영업/정상,서울특별시 강동구 명일동 48번지,주양쇼핑,그 밖의 대규모점포,213493.9072,450038.8473
영업/정상,서울특별시 강동구 암사3동 414번지 18호 강동롯데캐슬퍼스트아파트,(주)지에스리테일 암사캐슬점,구분없음,212334.9585,450346.7907
영업/정상,서울특별시 강동구 암사1동 473번지 3호,홈플러스(주) 익스프레스 암사점,대형마트,211868.2443,450020.3552
영업/정상,서울특별시 강동구 성내1동 521번지,홈플러스(주) 익스프레스 성내점,구분없음,211185.4977,447670.8521
영업/정상,"서울특별시 강동구 명일2동 15번지 삼익그린맨션 상가동 지층22,23,25",(주)이마트에브리데이 명일동점,구분없음,213048.6922,450124.1057
영업/정상,서울특별시 강동구 길동 391번지 2호,홈플러스(주)익스프레스 길동점,구분없음,212349.3738,448466.1056
휴업,서울특별시 강동구 천호동 563호   ,동아코아,쇼핑센터,211055.4862,448786.6974
휴업,서울특별시 강동구 천호동 422번지 2호   ,천호신시장,그 밖의 대규모점포,211252.7355,448823.3988
휴업,서울특별시 강동구 명일동 52번지 5호   ,신세계이마트천호점,그 밖의 대규모점포,,
휴업,서울특별시 강동구 천호동 422번지 2호   ,천호신시장,그 밖의 대규모점포,211252.7355,448823.3988
휴업,서울특별시 강동구 천호동 422번지 1호   ,동서울시장,그 밖의 대규모점포,211265.3319,448886.3169
영업/정상,서울특별시 강동구 성내1동 451번지,(주)농협유통 하나로마트 성내점,구분없음,210566.8756,447402.6297
휴업,서울특별시 강동구 천호동 563호   ,동아코아,쇼핑센터,211055.4862,448786.6974
휴업,서울특별시 강동구 천호동 563호   ,동아코아,쇼핑센터,211055.4862,448786.6974
휴업,서울특별시 강동구 천호동 563호   ,동아코아,쇼핑센터,211055.4862,448786.6974
휴업,서울특별시 강동구 천호동 563호   ,동아코아,쇼핑센터,211055.4862,448786.6974
휴업,서울특별시 강동구 천호동 563호   ,동아코아,쇼핑센터,211055.4862,448786.6974
휴업,서울특별시 강동구 천호동 421번지 1호   ,천호시장,그 밖의 대규모점포,211196.1957,448722.8518
휴업,서울특별시 강동구 천호동 563호   ,이천일아울렛 천호점,그 밖의 대규모점포,211055.4862,448786.6974
휴업,서울특별시 강동구 천호동 410번지 105호   ,현대프라자,그 밖의 대규모점포,211336.1725,448556.7945
휴업,서울특별시 강동구 천호동 565호   ,킴스클럽,대형마트,211750.8962,448202.6325
휴업,서울특별시 강동구 천호동 454번지 0001호   ,이마트천호점,대형마트,211025.925,448495.1892
폐업,서울특별시 강동구 둔촌1동 172번지 1호,(주)지에스리테일 둔촌점,구분없음,211979.5206,446932.6537
폐업,서울특별시 강동구 명일동 48번지 지하1층,(주)지에스리테일 주양점,구분없음,213493.9072,450038.8473
폐업,서울특별시 강동구 천호동 421번지 1호,천호시장,그 밖의 대규모점포,211196.1957,448722.8518
폐업,서울특별시 강동구 천호동 410번지 105호,현대프라자,그 밖의 대규모점포,211336.1725,448556.7945
폐업,서울특별시 강동구 둔촌동 172번지 1호,둔촌종합상가,그 밖의 대규모점포,211979.5206,446932.6537
폐업,서울특별시 강동구 둔촌1동 444번지,롯데쇼핑(주)롯데슈퍼둔촌점,대형마트,212334.6989,447728.8651
폐업,서울특별시 강동구 암사3동 451번지 16호,양지종합시장,시장,212082.0142,450348.7936
폐업,서울특별시 강동구 천호동 422번지 1호,동서울시장,시장,211265.3319,448886.3169
폐업,서울특별시 강동구 암사1동 488번지 21호,(주)지에스리테일 암사점,구분없음,211856.4692,449540.6604
폐업,서울특별시 강동구 암사1동 461번지 외6필지,롯데슈퍼암사가맹점,대형마트,211466.8855,450264.2764
폐업,서울특별시 강동구 둔촌동 172번지 1호 둔촌종합상가 지하1층,(주)농협유통 하나로마트 둔촌점,구분없음,211979.5206,446932.6537
폐업,서울특별시 강동구 성내1동 164번지 1호,롯데쇼핑㈜롯데슈퍼강동점,구분없음,211532.3537,448182.5885
취소/말소/만료/정지/중지,서울특별시 강동구 천호동 42번지,삼성테드크(주)홈플러스강동점,대형마트,212501.3691,449282.3104
영업/정상,서울특별시 강동구 천호동 410번지 100호,천호코오롱상가,그 밖의 대규모점포,211279.0302,448548.8197
영업/정상,서울특별시 강동구 명일동 46번지 4호   ,신세계 이마트 명일점,대형마트,213700.8777,450278.1009
영업/정상,서울특별시 강동구 암사3동 451번지 16호,양지종합시장,시장,212082.0142,450348.7936
영업/정상,서울특별시 용산구 한강로3가 63-70,GS THE FRESH 용산해링턴점,구분없음,197071.4032,447073.6228
영업/정상,,롯데쇼핑(주)롯데슈퍼원효로점,구분없음,197101.1275,448437.0679
영업/정상,서울특별시 송파구 신천동 29번지,롯데백화점 에비뉴엘 월드타워점,백화점,209074.9008,445657.8093
영업/정상,서울특별시 송파구 신천동 29번지 롯데월드타워앤드롯데월드몰,롯데쇼핑(주) 롯데마트 월드타워점,대형마트,209074.9008,445657.8093
영업/정상,"서울특별시 송파구 송파2동 121번지 한양2차아파트 1층 6,7호호",롯데쇼핑(주)롯데슈퍼송파점,구분없음,210057.9121,444767.3676
영업/정상,서울특별시 송파구 풍납2동 400번지 5호   101호,롯데쇼핑(주)롯데슈퍼풍납점,구분없음,210274.1855,447307.6498
영업/정상,서울특별시 송파구 방이2동 63번지 11호,롯데쇼핑(주)롯데슈퍼방이점,구분없음,209576.622,445779.101
영업/정상,서울특별시 송파구 잠실2동 19번지 8호,롯데쇼핑(주)롯데슈퍼신천점,구분없음,207270.219,445550.2772
영업/정상,서울특별시 송파구 잠실3동 35번지 2호,롯데쇼핑(주)롯데슈퍼잠실3동점,구분없음,207553.9182,445383.338
영업/정상,서울특별시 송파구 신천동 7번지 18호,롯데캐슬플라자,쇼핑센터,208836.1921,445807.7274
영업/정상,서울특별시 송파구 문정동 150번지 2호,롯데쇼핑(주)롯데마트 송파점,대형마트,210343.6993,443288.285
영업/정상,서울특별시 송파구 잠실동 40번지 1호,롯데백화점 잠실점,백화점,208589.3633,445455.9041
영업/정상,서울특별시 용산구 남영동 93번지 30호,롯데프레시 갈월점,구분없음,197443.8818,448884.9576
폐업,서울특별시 용산구 용산동6가 69번지 167호,롯데쇼핑(주)롯데슈퍼 신동아점,구분없음,198622.8926,446114.1552
폐업,,롯데프리미엄푸드마켓 문정점,구분없음,210966,442050
영업/정상,서울특별시 송파구 잠실동 40번지 1호,롯데마트(주) 롯데마트 제타플렉스,대형마트,208589.3633,445455.9041
영업/정상,"서울특별시 서초구 서초동 1498번지 5호  (영업장 지하1층,지하2층)",롯데쇼핑(주) 롯데마트 서초점,대형마트,200438.9929,443124.5944
영업/정상,서울특별시 강서구 내발산동 719번지 6호,롯데쇼핑(주)롯데슈퍼 우장산점,그 밖의 대규모점포,185431.0666,449714.8138
영업/정상,서울특별시 강서구 방화1동 187번지 1호,롯데쇼핑(주)롯데슈퍼 방화점,그 밖의 대규모점포,184102.7825,452097.3701
영업/정상,서울특별시 강서구 화곡1동 343번지 52호,롯데쇼핑(주)롯데슈퍼화곡점,그 밖의 대규모점포,186366.0134,447719.8367
영업/정상,서울특별시 강서구 방화2동 533번지 9호,롯데쇼핑(주)롯데슈퍼개화산점,그 밖의 대규모점포,182944.7314,452207.4273
영업/정상,서울특별시 강서구 방화2동 886번지 외6필지,롯데몰 김포공항,쇼핑센터,182524.8238,451438.2509
영업/정상,서울특별시 용산구 한강로3가 3-23 나진상가,용산라이프시티피에프브이 주식회사,전문점,196727.5358,447868.1283
영업/정상,서울특별시 강남구 대치동 937호,롯데백화점(강남점),백화점,204669.5434,443873.6212
영업/정상,서울특별시 강서구 등촌3동 689번지 외 2,(주) 이랜드리테일 강서점,백화점,185824.4285,450866.2521
영업/정상,서울특별시 강동구 천호동 563번지,이천일아울렛 천호점,그 밖의 대규모점포,211055.4862,448786.6974
영업/정상,서울특별시 중구 회현동1가 204번지 메사빌딩,신세계백화점메사점,쇼핑센터,198129.4355,450900.2397
영업/정상,,두타몰,그 밖의 대규모점포,200703.6256,451836.4583
영업/정상,서울특별시 중구 신당동 772호,남평화상가(주),그 밖의 대규모점포,200894.4785,451877.0808
영업/정상,서울특별시 중구 충무로1가 52번지 5호 신세계백화점건물,신세계백화점,백화점,198263.9084,450960.763
영업/정상,서울특별시 동대문구 이문동 324번지 10호,롯데쇼핑(주) 롯데마켓 999 이문점,복합쇼핑몰,205170.9358,454707.5241
영업/정상,서울특별시 동대문구 장안동 94번지 27호 외1필지 예신프라자,롯데쇼핑(주) 롯데슈퍼 장안점,구분없음,206176.1786,453248.0972
영업/정상,서울특별시 동대문구 전농동 10번지 외7필지 전농sk아파트 주상가동,롯데쇼핑(주) 롯데슈퍼 전농점,구분없음,205271.7049,452706.8979
영업/정상,서울특별시 구로구 고척동 76번지 41호,이천일 아울렛 구로점,그 밖의 대규모점포,187785.8405,443997.1359
영업/정상,서울특별시 동대문구 전농1동 591번지 53호,롯데쇼핑(주)롯데마트 청량리점,대형마트,204081.2821,453187.3952
영업/정상,서울특별시 동대문구 전농1동 591번지 53호,롯데백화점 청량리역사점,백화점,204081.2821,453187.3952
영업/정상,,롯데쇼핑(주) 롯데마트 양평점,대형마트,190352.3217,447095.6412
영업/정상,서울특별시 서초구 잠원동 70번지 2호,뉴코아아울렛,전문점,200576.6086,445241.8984
영업/정상,서울특별시 서초구 잠원동 70번지 5호 뉴코아백화점빌딩,뉴코아백화점,백화점,200367.985,445207.6635
영업/정상,,(주)이랜드킴스클럽 강남점,대형마트,200576.6086,445335.6672
영업/정상,서울특별시 금천구 독산동 1155 금천롯데캐슬골드파크3차,롯데쇼핑(주) 금천 독산점,쇼핑센터,,
영업/정상,,롯데쇼핑(주)롯데슈퍼신당점,그 밖의 대규모점포,200611.6813,449633.1352
영업/정상,서울특별시 중구 충무로1가 25번지 8호,롯데쇼핑(주)롯데슈퍼명동점,그 밖의 대규모점포,198364.6318,450975.9504
영업/정상,,롯데프리미엄푸드마켓 공덕점,구분없음,195564.3758,449186.9333
영업/정상,,롯데슈퍼 대흥점,구분없음,194648.7593,449239.3147
영업/정상,서울특별시 중구 봉래동2가 122호,롯데쇼핑(주)롯데마트서울역점,대형마트,197243.2153,450655.1042
영업/정상,서울특별시 금천구 독산동 295번지 10  호 외 5,롯데쇼핑(주) VIC 마켓 금천점,대형마트,190704.9043,440940.3844
영업/정상,서울특별시 영등포구 영등포동8가 62번지 1호,롯데쇼핑(주) VIC마켓 영등포점,대형마트,191503.3861,447289.5484
영업/정상,서울특별시 관악구 보라매동 729호 22통 롯데백화점,롯데쇼핑(주) 관악점,백화점,193301.8858,443151.5613
영업/정상,서울특별시 영등포구 영등포동4가 434번지 5호 신세계백화점,(주)신세계 타임스퀘어점,백화점,191581.5003,446108.8072
영업/정상,,롯데백화점 본점,백화점,198259.6536,451392.1982
영업/정상,서울특별시 중구 남대문로2가 123호,롯데쇼핑본점영플라자,백화점,198315.5327,451248.1416
영업/정상,서울특별시 광진구 구의동 546번지 4호,롯데쇼핑(주)롯데마트 강변점,복합쇼핑몰,208394.4164,448165.28
영업/정상,서울특별시 성북구 길음1동 1285번지 7호,롯데마켓999 하월곡점,구분없음,201621.3317,456272.2617
영업/정상,서울특별시 성북구 장위동 316번지 3호,롯데마이슈퍼 장위점,구분없음,204208.6312,457844.348
영업/정상,서울특별시 성북구 정릉3동 1034번지,롯데마이슈퍼 정릉점,구분없음,201548.4956,455659.8179
영업/정상,서울특별시 은평구 역촌동 17번지 1호,롯데쇼핑(주) 롯데슈퍼 역촌점,그 밖의 대규모점포,193083.7657,455978.0106
영업/정상,서울특별시 광진구 자양동 227번지 342호 롯데백화점 스타시티점,롯데백화점 건대스타시티점,백화점,206217.4347,448506.2187
